X1,X2,y
-0.800947805,0.526129921,0
0.186047661,0.413638567,1
0.294469972,0.315142095,1
-0.128458594,-0.929937013,0
0.202823534,-0.488472116,1
0.137653098,0.525601626,1
-0.507337485,-0.14256782,1
-0.150853046,0.398094062,1
0.32474168,-0.396497937,1
0.999513985,0.13574136,0
-0.046131322,0.498455794,1
-0.464802968,-0.108526957,1
-0.055605804,0.914180785,0
0.358577084,0.846106983,0
-0.175953875,-0.927120392,0
0.4334219,-0.366855373,1
-1.006480292,0.316739659,0
0.448453669,-0.182443333,1
-0.445199447,-0.195713169,1
0.11542147,0.432141894,1
0.350952517,-0.33246638,1
0.087701887,0.500890206,1
0.250285632,-0.966845438,0
-0.513626388,-0.322436577,1
0.549446763,0.265145995,1
-0.267494355,0.387266103,1
-0.970417477,0.171359844,0
0.232675496,0.398927317,1
-0.902880595,-0.116790059,0
0.419755821,-0.228504341,1
-0.005842615,0.531011539,1
0.471122205,0.336423421,1
0.458815416,-0.11433952,1
0.042246661,-0.589740771,1
0.618746566,0.284401223,1
-0.90673389,0.465432837,0
0.573305695,0.067885185,1
0.600696724,0.896870608,0
-1.059291105,0.020378623,0
1.054791064,-0.00376189,0
1.041072389,0.160879364,0
-0.247130243,0.324149856,1
-0.034230013,0.501630219,1
1.043774224,0.138481856,0
-0.367849031,-0.363132947,1
-0.979851827,-0.114404489,0
-0.557979922,0.775279453,0
-0.331473989,0.893773108,0
0.215470504,-0.554561208,1
0.37652578,0.358953171,1
-0.486675168,-0.159565602,1
-0.159292441,0.431045146,1
0.886137292,0.367731651,0
-0.866914879,-0.444375653,0
-0.166857029,1.067318981,0
0.921064907,-0.379209243,0
-0.8887781,0.063433614,0
0.08478586,-0.401693911,1
0.550955808,0.112708197,1
-0.419407884,-0.152697489,1
0.644290192,-0.81486249,0
-0.480838686,-0.059357625,1
0.400802988,0.244424644,1
-0.293736306,0.358801289,1
1.066026957,0.286497139,0
0.298207033,-0.94723154,0
0.832650333,-0.433199132,0
0.207994476,0.490256992,1
-1.0173182,-0.058991907,0
-0.716471255,0.787125651,0
-0.147577278,1.04997142,0
0.790858211,-0.704943324,0
0.237911328,-0.362936695,1
-0.155925917,-0.508957798,1
-0.414633998,0.929325841,0
-0.371843065,-0.368632581,1
0.540599046,0.785493286,0
0.360593398,0.79234205,0
0.129619244,-0.459928186,1
-0.568330622,-0.076005655,1
0.957084759,-0.478457529,0
0.860159803,0.659775339,0
-0.738317452,0.661705717,0
0.26600776,0.483201685,1
-0.187716627,-0.468392034,1
-0.03021001,1.030938283,0
-0.128127401,-0.526830235,1
-0.047622309,0.973545846,0
-0.890186414,0.05800142,0
-0.336621137,0.991228886,0
0.96489504,0.318171562,0
0.452391371,0.065145,1
0.660250769,0.830312698,0
-0.513855483,0.282412437,1
-0.524948013,-0.335837976,1
0.557623564,0.010408857,1
0.415350606,-0.287293359,1
1.01555467,0.488779126,0
0.336017219,-0.377922093,1
-0.061762719,1.028539277,0
0.539599256,-0.088295524,1
-0.08950391,0.390326691,1
-1.018449997,-0.220232229,0
-0.4290212,-0.05466051,1
0.95265697,0.154599052,0
0.62734885,-0.538826259,0
0.309203165,0.335418665,1
-0.362976448,-0.419676391,1
-0.102305513,0.614751289,1
0.750632241,-0.672098356,0
-0.849201049,0.791201869,0
0.127521951,-0.337074041,1
0.862672758,-0.059688856,0
0.544003968,0.174727061,1
-0.457335997,-0.097571919,1
-0.646732652,-0.888514042,0
0.362082573,-0.202891473,1
0.880124375,0.431293016,0
-0.315953125,-0.896961079,0
0.953073787,-0.015553557,0
0.673648357,-0.798748009,0
1.005241764,0.132268121,0
0.463675045,0.197356533,1
0.540150856,0.790519239,0
-0.307997168,-0.327587351,1
0.397692866,0.337175949,1
0.981186761,-0.354011934,0
-0.461840799,0.303514916,1
0.175600375,-0.995955093,0
0.172361082,0.363162765,1
0.418664778,-0.924749599,0
0.643677241,0.770575905,0
0.098952979,0.962347742,0
0.202785781,0.955033979,0
0.336304485,-0.283619207,1
-1.024732522,0.186844751,0
0.992278749,-0.159433391,0
0.018167305,0.455901069,1
0.039501268,-1.001622409,0
-0.060560857,0.986716497,0
-0.256822663,-0.3724188,1
0.262265198,-0.960300851,0
-0.430040034,0.105050097,1
-0.893110822,-0.429080991,0
0.823984483,0.459671716,0
-0.755427791,-0.656172767,0
-0.466993248,0.993464852,0
0.709463527,0.62358321,0
0.143354703,-0.526505578,1
0.389875374,-0.371293691,1
-0.907724417,0.292443156,0
0.454389561,-0.264614265,1
-1.050130058,0.058214428,0
-0.271557767,-0.259567175,1
1.07830332,0.176051228,0
-0.255125732,-0.997306062,0
-0.134931808,0.957934082,0
0.823822956,-0.496227799,0
-0.900643745,-0.466893947,0
-0.279480138,0.421166592,1
0.351722522,-0.303608198,1
0.214418182,-0.405982072,1
0.408576783,0.359146997,1
-0.228389704,0.52727355,1
0.404436306,-0.199879972,1
0.722107264,-0.532195562,0
-0.359650905,-0.374901264,1
0.376250855,-0.379352522,1
0.338130515,-0.8700959,0
0.467413863,0.300052394,1
-1.010055084,-0.138282884,0
-0.455196133,0.327834248,1
0.736381158,0.672215902,0
0.394864122,0.985166843,0
-0.99665687,-0.163547123,0
0.47835509,-0.288202896,1
-0.345247428,-0.945511503,0
-0.574552991,0.890069781,0
0.033284941,-0.369723337,1
0.280202472,0.91966146,0
-0.378384671,0.280640818,1
-0.35173247,-0.047202372,1
0.472036496,-0.23126859,1
0.086685018,0.951014913,0
-0.391410334,-0.446924818,1
-0.178801355,0.330301741,1
-0.307627721,0.408841378,1
0.722131542,-0.720806969,0
0.197462572,0.98303728,0
0.392718542,-0.274770384,1
-0.42975996,0.282905646,1
-0.480944234,-0.942957057,0
-0.889818457,0.216051285,0
-1.019060956,-0.320474786,0
0.776492944,-0.536690367,0
-0.277366045,0.307295385,1
0.520840728,0.012553291,1
-0.737095081,0.607363975,0
0.32596057,0.456889492,1
-0.364438552,-0.261008815,1
0.317128884,0.109284446,1
-0.453595469,-0.800882266,0
-0.908668108,0.433159987,0
0.899609839,-0.437131328,0
-0.267825137,0.376161671,1
0.036515371,-0.550436762,1
-0.467639174,-0.382776516,1
-0.256650597,-0.299311164,1
-0.994213695,0.267612605,0
-0.314372875,0.343913802,1
-0.268900924,1.00868392,0
-0.039834747,-0.979128528,0
-0.31493506,0.913448581,0
0.206976984,0.443975948,1
0.185669582,0.962803435,0
-0.743267868,0.713072681,0
-0.381305231,0.287216075,1
-0.026594917,0.954125643,0
-0.342784738,0.445494901,1
-0.505121463,-0.834536604,0
-0.735457104,0.632034631,0
-0.112117685,-0.974076182,0
0.331442739,-0.964640055,0
-1.016217119,-0.158819432,0
-1.049715961,-0.312260606,0
-0.266169396,-0.446769322,1
0.415386253,-0.146349086,1
0.149315177,-0.484748968,1
-0.946657932,0.219392803,0
0.198062655,-0.399062021,1
-0.561348902,-0.811701734,0
1.040809759,0.150653246,0
0.126891512,-0.391731292,1
0.408807981,-0.125618885,1
-0.053859595,-0.474998441,1
0.307778699,0.393397655,1
0.357643891,0.345798258,1
-0.386948381,-0.199156048,1
-0.698796221,-0.616986202,0
-0.307279224,0.527065199,1
-1.003457682,0.006718093,0
-0.919272752,-0.563213458,0
0.904911847,0.044384114,0
0.887521617,-0.261964933,0
-0.787444995,-0.706916181,0
-0.248679234,0.445827243,1
-0.860943872,0.243232403,0
-0.695077777,0.657889293,0
0.831065908,-0.737306044,0
0.429799201,0.947970856,0
0.489405478,-0.033446584,1
-0.134899335,-0.418995618,1
0.036695953,-0.4970034,1
-0.133738189,-0.434073433,1
-0.006089869,-0.406822847,1
0.923827901,0.390644069,0
0.296765635,-0.361863973,1
-0.242400713,-0.407352015,1
-0.133797749,0.555459394,1
0.135084813,0.995336371,0
0.414332419,0.280570239,1
1.04716545,0.037503745,0
-1.052014076,-0.126466271,0
0.197506245,0.322125285,1
-0.887979272,0.039164956,0
0.144914695,0.552636442,1
-0.049870906,0.480905907,1
0.519269056,-0.080010694,1
-0.337981548,-0.490140733,1
0.050986694,-0.459334295,1
-0.915198514,-0.295969319,0
0.030463403,-0.966199276,0
0.463494211,-0.84979574,0
-0.760030822,-0.564903144,0
-0.905653923,-0.223039911,0
0.444318559,0.100434481,1
-0.114236604,-1.031661434,0
0.194679713,0.9766511,0
-0.281741327,-0.497613508,1
0.392168039,0.153218094,1
-0.423734348,0.019098549,1
0.142388843,0.383155892,1
-0.444724352,0.110694201,1
0.469725355,0.752533274,0
0.459135594,-0.024434855,1
-0.366138339,-0.828222234,0
0.20452662,-0.957920276,0
-0.486193953,-0.963818731,0
-0.383149307,0.463754894,1
0.937176171,0.311927745,0
0.621544818,0.823980153,0
-0.387700787,-0.308251768,1
-0.009456516,0.486664098,1
0.323612348,0.967968369,0
0.8920398,-0.423811715,0
-0.943138277,-0.414607055,0
0.961691682,-0.17023189,0
-0.158881633,-0.905896118,0
-0.501233641,0.00430923,1
0.339220281,-0.832893397,0
-0.564546604,0.171452958,1
0.493319033,0.206167996,1
-0.031148331,0.480520056,1
-0.560650896,-0.839742623,0
0.104396936,0.418723833,1
0.475248117,-0.345996262,1
-0.698220126,0.642938464,0
0.225009713,0.997016791,0
-0.240815049,-0.585844211,1
-0.10226153,-0.452468814,1
0.975083258,0.19330716,0
0.426632567,0.257665266,1
0.857811687,0.463744765,0
0.384817498,0.141328099,1
-0.290786276,-0.328648439,1
0.932563892,-0.113012731,0
0.403221832,1.001752129,0
-0.799273013,0.625206497,0
-0.486551992,0.222056763,1
-0.110350788,-0.475577282,1
-0.567550594,-0.836142044,0
-0.423466343,-0.02169967,1
0.903222249,0.118933644,0
1.06351613,0.384510173,0
0.084981509,-0.454408109,1
-0.531105379,-0.077236917,1
0.803901507,-0.560311128,0
-0.558368155,0.15364019,1
-0.263145944,0.348695521,1
0.777926358,0.668918676,0
0.105218384,0.454555364,1
-0.129801493,-0.455439994,1
-0.241686305,-0.429691875,1
0.409394447,0.153035532,1
0.437098762,-0.92978807,0
-0.181215824,0.921480911,0
0.281700927,-0.927244128,0
0.62030763,0.659647067,0
-0.400649096,0.01869658,1
0.578263051,0.799069462,0
0.451260112,-0.293816822,1
-0.349478031,0.304233708,1
-0.008025922,-0.913157945,0
0.498389206,0.459726413,1
0.287499504,-0.850287564,0
0.468262923,-0.252828784,1
-0.053335808,-0.499006522,1
0.933895514,0.065197842,0
-0.451837418,-0.117074939,1
0.765216832,-0.782322122,0
0.815719949,0.222488748,0
0.507236989,-0.325619719,1
-0.456141379,0.277947299,1
0.298650016,-1.053616913,0
0.988690267,-0.339483444,0
0.166478917,0.465180032,1
-0.019986013,0.43738727,1
0.47512012,-0.216307457,1
0.892150384,-0.041852046,0
0.086919619,-0.919318375,0
-0.42421172,0.160177694,1
0.709445376,0.759906565,0
0.100425958,0.431900236,1
0.463573774,0.211268165,1
-0.924620157,0.432990977,0
-0.429009075,0.092926986,1
0.818721597,0.500854621,0
-0.721943179,0.800674588,0
0.020670182,0.477726519,1
-0.506540881,0.186516109,1
-0.605833722,0.955031922,0
0.374784115,-1.038127223,0
-0.458782555,0.935942992,0
-0.307493982,-0.977074791,0
-0.369901946,0.361718404,1
-0.438053852,-0.227112087,1
-0.998371146,0.258967014,0
-0.841927868,0.437255643,0
0.488548008,0.38416126,1
0.694586901,0.655382872,0
0.641891394,-0.678279736,0
-0.964796803,0.379562618,0
0.864284848,0.280398098,0
0.221568678,0.428710112,1
0.620270175,-0.832757566,0
-0.194090554,0.310919448,1
-0.118816116,0.45010194,1
-1.046280057,-0.035011826,0
-0.2834836,0.355071183,1
-0.049086379,-0.587040832,1
-0.29573014,0.957416889,0
1.038954246,0.326490474,0
0.310344582,-0.45029076,1
-0.278265826,0.400830248,1
-0.279429617,0.371208005,1
-0.614756185,-0.770989236,0
-0.649445199,0.667670476,0
0.213680922,-0.435667323,1
-0.072331823,-0.440109184,1
-1.004558234,-0.386896187,0
-0.886456195,-0.571757829,0
0.552503409,0.943098791,0
0.236633593,-0.470396961,1
-0.387554132,0.91644917,0
-0.259175778,-0.990914172,0
-0.894536519,-0.172328179,0
-1.027282204,0.087628083,0
-0.050735146,0.963482792,0
-0.537456908,-0.036663436,1
-0.409709176,0.18686205,1
0.401372207,0.889568932,0
0.256286922,-0.469801152,1
-0.702761055,-0.680917026,0
-0.541327924,-0.048321336,1
-0.865751233,-0.513207035,0
-0.593803573,0.775804079,0
0.157106365,0.522576211,1
-0.414312888,0.198384699,1
-0.295550578,0.484111152,1
0.88439778,-0.34607153,0
-0.480174274,-0.239614255,1
-0.042723166,1.046777085,0
0.367046689,0.277221323,1
-0.324447561,0.985718781,0
-0.409714928,-0.288525421,1
-0.808958433,-0.513258353,0
0.553749615,-0.789689185,0
-0.358203246,-0.94141919,0
-0.501904235,-0.154976768,1
-0.915466983,-0.366384839,0
-0.446951026,-0.232064589,1
-0.16094786,0.974549831,0
0.299735414,0.849328774,0
-0.485554094,0.089406326,1
0.300238123,0.45574306,1
-0.885431337,-0.351704162,0
-0.328192744,0.368128457,1
-0.654081079,-0.773813725,0
-0.507487254,-0.863107085,0
-1.016433674,-0.089642502,0
0.157885008,0.589250224,1
0.33907361,-0.359989195,1
-0.304108465,0.304934823,1
-0.496569712,-0.847926144,0
1.040337611,0.103561126,0
0.256972802,0.906912586,0
1.01692789,-0.309419101,0
-0.78512933,0.618378517,0
-0.88787199,0.381451694,0
0.09031613,-0.960525654,0
0.194160599,1.112988298,0
0.924004949,-0.241365879,0
-1.022337401,0.231527194,0
-0.620026343,0.065152279,1
0.234000091,-0.414053179,1
0.290323627,0.349425988,1
-0.371493986,-0.154452781,1
0.969790145,-0.09291904,0
0.204731366,-0.342012455,1
0.371002157,0.303160921,1
-0.748993427,-0.598052367,0
-0.4774281,0.140296619,1
-0.91669672,0.076505909,0
-0.111805448,1.013028856,0
-0.256526455,-0.972839479,0
1.027591913,0.219519725,0
-0.465562269,-0.342070374,1
0.444936036,-0.087436622,1
0.48992008,-0.071901509,1
-1.026350453,0.046587934,0
-0.461478033,0.11279359,1
0.923149716,-0.048527088,0
-0.34493992,0.218191164,1
0.53289876,-0.910413973,0
-0.480952608,0.090281771,1
-0.488340721,0.82945814,0
0.19407323,-0.504155463,1
-0.019969872,-0.597506269,1
-0.072344691,0.436823404,1
0.822231877,-0.60431492,0
0.45312142,-0.05397288,1
0.429466663,0.37203379,1
0.520337158,-0.015463755,1
-0.15417412,-0.42000257,1
-0.981133674,0.0328428,0
0.890209511,0.555880299,0
0.790256728,-0.173339988,0
0.0042726,-0.95306891,0
-0.492745088,0.199002064,1
-0.490952971,0.06810276,1
0.433917011,0.960229414,0
-0.372384409,0.920585044,0
1.042225717,-0.056438464,0
-0.729324272,-0.602583502,0
0.334183679,0.474952914,1
0.903074298,-0.301559007,0
-0.423338699,-0.031978965,1
-0.503335608,0.262961022,1
0.039796392,0.483281562,1
-0.463028857,-0.142511226,1
0.451636336,0.215872778,1
0.820904864,-0.34177298,0
-0.38464617,-0.395808132,1
-1.036659465,-0.128507538,0
0.795342164,-0.598044671,0
0.120040924,0.426761348,1
0.359259697,0.395168708,1
1.132457826,-0.277664667,0
-0.764970346,-0.660684985,0
-0.400737121,0.925768619,0
-0.520228878,-0.804657469,0
0.448936031,0.243402718,1
0.565445152,0.881883093,0
-0.820886497,0.521808662,0
0.186814717,-0.446527747,1
-1.001030288,-0.082558186,0
0.849362922,-0.623230894,0
-0.105785257,0.999600873,0
0.886337918,-0.382581422,0
-0.111019361,0.400527352,1
0.446842642,-0.007526042,1
0.54681549,-0.351768965,1
-0.059894286,0.461861775,1
0.460436065,0.185987298,1
0.416157633,-0.452228433,1
0.193779589,-0.52818748,1
-0.429475265,0.279547383,1
0.689088769,-0.702203825,0
0.352865985,0.32915008,1
0.37174005,-0.311152192,1
-0.678202023,0.698050432,0
-0.829280614,-0.635494396,0
-0.383165672,-0.033384596,1
0.56344926,0.728736766,0
0.186491167,0.869323343,0
0.343487761,0.439809181,1
-1.024743968,0.199122372,0
-0.159928244,-0.431945976,1
0.486241187,-0.150531202,1
-0.357167781,-0.933555811,0
-0.368466331,0.941680822,0
-0.43946789,0.283473706,1
0.405332282,0.192754807,1
-0.202514147,0.339264362,1
-0.750149872,0.644590177,0
0.083205416,-0.937058011,0
0.455923169,0.092364638,1
-0.874265553,0.546229561,0
-0.978692661,-0.378969477,0
-0.875586979,-0.762858079,0
-0.091163348,0.546694148,1
-0.23951522,-0.494689435,1
-1.029078448,-0.316407224,0
0.166087374,-0.359883359,1
-0.021288388,0.402929269,1
0.262986378,0.903639626,0
-0.19661714,-1.078047725,0
0.945921799,-0.097582628,0
0.114816114,0.54222547,1
0.633981029,0.718866869,0
0.505097334,-0.903767908,0
0.314819145,0.995521085,0
-0.118314748,-0.344725768,1
-0.374592245,0.862938955,0
-0.178410806,0.510299135,1
0.547403694,0.810652223,0
0.467631426,-0.083608917,1
0.305263345,0.261380234,1
0.904845165,0.081836077,0
0.899546257,0.354025296,0
0.470219298,-0.176146278,1
-1.040717248,0.214362639,0
-0.393812354,-0.228285344,1
-0.372652941,0.210520543,1
-0.284102513,0.499296228,1
-0.971593904,0.460486209,0
0.931261534,-0.040970004,0
-0.471758662,0.876908717,0
0.468821335,0.907617143,0
-0.448973848,-0.018656721,1
-0.362937684,0.235495059,1
-0.516917666,-0.83846826,0
-0.469708392,0.370967176,1
-1.016760279,-0.260599445,0
0.248536263,-0.5217427,1
-0.373198724,0.124215632,1
0.233966616,-0.977304543,0
0.561430042,-0.937222707,0
0.462938035,-0.293340692,1
0.212889636,1.002606654,0
-0.616038374,-0.768347294,0
0.362518125,-0.982837332,0
-0.422423836,-0.140518915,1
0.227790077,-0.856283641,0
0.266891139,-0.31120061,1
0.552126971,-0.823669656,0
0.743399785,0.649626849,0
-0.609108209,-0.825459762,0
0.205555983,0.540305068,1
0.878748639,-0.0464865,0
-0.108042429,-0.46132902,1
-0.154919951,-0.507025136,1
-0.079476695,0.556398361,1
-1.007548951,0.156592177,0
-0.04188666,-1.049861874,0
-0.712928842,0.690995052,0
-0.868168556,-0.398754828,0
0.272999372,0.932793068,0
-1.083480787,-0.091915386,0
0.383052368,0.12050082,1
0.487706419,-0.101945359,1
-0.469313817,-0.115367279,1
-0.243072675,0.433099942,1
-0.699481684,-0.633647767,0
-0.106679056,0.541741827,1
-0.455061909,-0.115782086,1
0.021701542,-0.532463736,1
0.757898894,0.579616757,0
-0.463975284,-0.981075298,0
0.451460991,0.862932005,0
-0.688569136,-0.776571563,0
0.389944666,-0.935022781,0
0.418492798,0.28663053,1
0.905776952,-0.478556645,0
-0.848806612,-0.069960707,0
0.970054267,0.397797185,0
0.894140305,-0.265648632,0
-0.889343042,-0.517046618,0
0.067617131,-1.007123512,0
-0.460270248,-0.11186049,1
-1.02031405,0.108890915,0
0.421555083,-0.431333537,1
0.506135351,0.134126398,1
-0.989605258,0.273166928,0
0.929688476,0.503363299,0
-0.469040515,-0.23175462,1
0.538755799,-0.037555568,1
0.133418054,0.985909258,0
0.189846116,-0.364579555,1
0.281365751,0.490688163,1
-0.802078205,0.342669355,0
-0.211608784,-0.945568897,0
0.328408471,0.377379765,1
0.08640701,-0.569926685,1
0.493129391,0.090439025,1
-0.089292247,-0.603960197,1
-0.636331953,0.781776158,0
-0.879700175,-0.408595079,0
0.178023337,-0.368743408,1
-0.214302988,0.484355221,1
0.160887471,-0.403934167,1
0.588377552,-0.886625552,0
0.181304632,0.921984279,0
0.117001587,-0.568243642,1
0.091394879,1.029678213,0
0.963649225,0.147018152,0
0.425267971,-0.396752651,1
-0.833866338,0.675945668,0
-0.454063496,0.13388121,1
-0.426417217,0.228748637,1
-0.268798428,0.965743241,0
-0.685469313,0.838075299,0
0.736918863,-0.728526479,0
-0.104844699,-0.566271539,1
-0.385548235,0.248502608,1
0.172227732,0.51155863,1
-0.175210119,-0.899731638,0
-0.322180968,-0.320140418,1
0.40641028,0.328088591,1
0.503500474,-0.104936162,1
-1.063254809,-0.278929845,0
0.848549455,-0.452163487,0
-0.113246584,-1.020246709,0
-0.145420616,-0.467231806,1
-0.981672814,-0.286467075,0
-0.676445655,0.80197064,0
-0.988794368,-0.316412821,0
0.974512257,0.238393927,0
-0.029066355,0.548129093,1
0.39276066,-0.900918295,0
-0.022420447,-0.448583494,1
0.402500306,-0.284291753,1
-0.621154653,-0.826686767,0
-0.937904728,-0.254672148,0
0.216222582,-0.32851988,1
0.054315141,-0.923630295,0
0.425071667,-0.398821473,1
-0.596937627,-0.800009297,0
0.296640199,-0.377367003,1
-0.936050631,-0.365660879,0
0.518597905,0.881600924,0
-0.976998206,-0.15482596,0
-0.586144476,-0.845850074,0
-0.444509682,0.950704995,0
-0.228996143,0.338230377,1
-0.523465212,-0.074957296,1
-0.79215942,-0.520348357,0
0.205080749,0.428372446,1
0.183388648,-0.460967856,1
-0.03715632,0.472641849,1
0.971317115,0.368731647,0
-0.475123584,0.143356002,1
-0.385399965,0.106115407,1
0.836440176,-0.713142462,0
0.316625336,0.316197478,1
-0.77711769,0.439794598,0
0.991753144,-0.242637863,0
0.930578312,-0.139727725,0
0.661321755,0.69516675,0
0.569026462,-0.059408422,1
0.401185798,0.30194328,1
-0.258575073,-0.442706621,1
0.391585306,0.166740013,1
0.356404326,-0.119449447,1
-0.574328961,-0.900412505,0
0.232305883,0.388343478,1
-0.451769945,-0.072057868,1
-0.005904918,-0.901276388,0
-0.041900469,0.947276744,0
0.921705617,0.039003506,0
0.172699316,-0.473355375,1
0.177507328,0.531283151,1
-0.129341652,1.018870721,0
0.865566153,0.741525129,0
-0.922991813,-0.366398525,0
0.091669583,1.066584835,0
0.062281053,-0.557966513,1
-0.578934748,0.910664301,0
-0.317298954,-0.948673806,0
0.487520869,-0.096674876,1
1.009403628,0.206332912,0
0.170633909,0.417578701,1
-0.852618555,0.501733803,0
-0.935820313,0.429367166,0
0.938895439,-0.332717488,0
-0.487603484,-0.198511269,1
0.530598861,0.743963919,0
-0.102940921,0.518258064,1
0.579698167,0.019357223,1
0.94386253,0.209646236,0
1.019547254,0.215808923,0
0.494129692,-0.040820218,1
-0.886482616,0.485710767,0
0.148728065,-0.522768478,1
-0.546972338,-0.017895536,1
0.222715645,-0.392638647,1
-0.186468615,-0.536893427,1
-0.559018149,0.777336278,0
0.108402562,0.534890154,1
-0.322425092,0.196856485,1
-0.039647223,0.544625472,1
-0.332260072,-0.411132431,1
-1.076356045,-0.243153357,0
-0.219401122,-0.397922838,1
-0.04330917,-0.976264452,0
0.133099612,0.457961104,1
-0.110460278,1.039813255,0
-0.18405574,0.441130883,1
0.032193507,0.420260907,1
-0.416377343,0.301708128,1
-0.163897553,-0.452270414,1
0.918611286,-0.075770903,0
0.717086504,-0.714003643,0
0.933790332,-0.555217041,0
0.108643977,-0.957761108,0
0.991657726,-0.069008259,0
0.042268938,-0.489505552,1
-1.038251406,-0.414262295,0
0.316699237,-0.350228165,1
0.690069794,0.735533329,0
0.239285073,-0.312604149,1
-1.001932166,0.155263903,0
-0.819767822,-0.6020612,0
0.545302981,-0.083792114,1
0.135567954,-0.481080957,1
-0.913128172,0.443939641,0
0.437642062,-0.03764626,1
-0.458751747,0.071210375,1
-0.26273479,0.287143019,1
-0.506282059,-0.119225931,1
-0.099163181,-0.442750716,1
-0.003073657,0.430483554,1
0.948722525,0.275707217,0
-0.395314437,0.438532956,1
0.977997376,0.401103676,0
-0.139049849,0.437571052,1
-0.263760091,-0.968505281,0
0.271010942,0.566215118,1
-0.272402454,0.529876731,1
0.099389661,1.011693551,0
0.489872022,0.262439247,1
1.088572593,-0.213930717,0
0.373517417,0.27632275,1
1.014452854,-0.026401301,0
0.406050289,0.873436452,0
0.978443083,-0.238138636,0
-0.476843016,-0.969894657,0
0.458826608,-0.869101663,0
-0.353087889,0.924851438,0
0.890380781,0.049084951,0
0.83814596,-0.684177894,0
0.023153463,-0.571694373,1
0.356507946,-0.346383998,1
0.535868411,0.127105213,1
0.909664487,-0.074240344,0
0.244817196,-0.451686169,1
-0.34019118,0.352004191,1
0.031670485,-1.009473345,0
0.538564852,0.284789127,1
-0.504865648,-0.025980378,1
-0.241146359,0.300929631,1
-0.403610585,0.341831895,1
-0.242503626,-0.372873779,1
-0.4637327,0.238987399,1
-0.876659168,0.295537834,0
0.51420779,-0.310972139,1
-0.54931494,0.020816973,1
-0.934806551,0.203818296,0
-0.474444971,-0.334118299,1
0.291684637,0.984758386,0
-0.520436198,-0.008318603,1
-0.300151283,0.443075555,1
0.981099256,-0.105821311,0
-0.707249185,-0.828243381,0
0.149179764,0.472334777,1
0.25830679,-0.93160034,0
0.477150053,-0.295176074,1
0.089496495,0.319215827,1
0.476321668,-0.822226533,0
-0.988019222,-0.189288218,0
0.006453363,0.954843464,0
0.445069175,0.322989939,1
-0.828093173,0.58038188,0
0.500748531,0.181778249,1
-0.568155309,-0.021190372,1
0.395534166,-0.202735858,1
0.538667542,0.132631302,1
-0.48804984,-0.237177394,1
-0.429941291,-0.275999273,1
-1.073963698,0.13352138,0
0.2101656,-0.600226243,1
0.387998907,-0.148377453,1
0.359070198,0.400846571,1
0.45575902,-0.037558218,1
0.492153091,0.149477395,1
-0.19020789,0.923587258,0
-0.912837987,0.163650111,0
-0.279380467,0.289531799,1
0.408078998,0.185744935,1
0.263264156,-0.394099106,1
-0.465976752,-0.213794298,1
0.912670093,-0.453916457,0
0.442688216,-0.060888266,1
-0.470504042,-0.098584492,1
-0.019124123,0.475982153,1
0.120174313,-0.548272649,1
0.540798134,0.214427583,1
0.483420365,-0.238813287,1
0.388296083,-0.197970393,1
-0.222103863,-0.532756523,1
0.258425971,-0.453836521,1
-0.956530403,0.495777513,0
-0.310988736,-0.370117262,1
0.510773007,0.086344706,1
0.370518166,-0.399570118,1
-0.618735288,-0.787052283,0
0.736877546,-0.672489428,0
0.376156842,-0.218476907,1
0.562914605,0.869836512,0
-0.336046633,0.467082713,1
0.838118569,-0.312400037,0
1.003597214,-0.250303104,0
-0.13879903,0.425850065,1
-0.560297476,-0.835943315,0
0.89077618,-0.478627594,0
-0.491240085,-0.880145284,0
0.287349931,-0.299810447,1
0.39168676,-0.322461764,1
0.341636476,0.964631889,0
0.047182116,-0.95081982,0
-1.127904368,0.102328499,0
0.053453294,-0.406640786,1
-0.140356645,-0.868206848,0
-0.93898079,-0.403620709,0
-0.515700874,0.19429675,1
0.908861598,0.26499595,0
0.24430645,-0.42200091,1
0.855610192,-0.487210136,0
-0.609460305,-0.80693117,0
-0.206377771,-1.002992238,0
0.743571014,0.666882253,0
0.227198672,-0.391832271,1
-0.478233179,-0.226358374,1
0.382354778,-0.1587472,1
-0.782717599,-0.539486554,0
-0.328786053,0.240615734,1
-0.553308847,-0.005007019,1
1.023360293,0.247906168,0
0.47269799,-0.068921921,1
0.043583622,1.074308269,0
-0.147848741,-0.420739564,1
-0.321435463,0.917257955,0
0.532357357,0.088688217,1
-0.877487195,-0.444290668,0
0.22463175,-1.021898308,0
0.04826829,-0.495117329,1
-0.181318921,0.926108251,0
0.484080738,-0.005273504,1
-0.444041527,0.250384195,1
-0.29415772,0.919235868,0
-0.41520089,0.282757903,1
-0.13226277,1.018562177,0
-0.362198756,0.280169081,1
-1.012185883,-0.261719674,0
0.855839809,-0.580809854,0
0.958764201,-0.455354866,0
-0.850561425,0.544635144,0
-0.536249248,-0.204335713,1
-0.49830245,0.805649436,0
-0.897725646,0.191488173,0
-0.684315301,0.763853232,0
0.423360897,0.313022193,1
0.475259843,-0.823687752,0
1.059241721,0.07873745,0
-0.34822053,0.99571999,0
-0.376271958,-0.150959843,1
0.043141711,0.359496095,1
-0.035438389,0.471169837,1
-0.258256071,0.431977945,1
0.844781423,0.330032635,0
-0.296599742,-0.419534701,1
-0.546520047,-0.000603531,1
-1.056409396,-0.023791424,0
0.946648559,0.138383039,0
-0.382688087,-0.976093701,0
-0.516580147,-0.086522516,1
-0.938776463,0.051640444,0
-0.374582507,-0.287239441,1
0.481787415,0.08804114,1
0.900791488,0.437710517,0
-0.215820662,0.443481922,1
0.071863925,-0.454409628,1
0.405773579,-0.22274941,1
0.969556429,0.378580753,0
0.300316047,0.260384513,1
-0.39325971,0.228646301,1
0.307218295,-0.249438921,1
-0.110476227,-0.570173891,1
-0.793158218,0.553821361,0
-0.172812968,0.389576394,1
0.167671769,0.413537599,1
0.888472708,-0.107259543,0
0.194341707,0.970188449,0
-0.487991819,0.924998343,0
0.300135023,-0.917905175,0
-1.079824021,0.13558417,0
-0.491189287,-0.094593903,1
-0.242675536,-0.442586481,1
0.133566917,0.508371129,1
-0.965806297,-0.186630892,0
0.512631293,-0.250230716,1
-0.601225769,-0.834119471,0
0.740763363,-0.630769327,0
-0.880818552,0.469954094,0
0.163481459,-0.359743987,1
0.661948352,-0.714124263,0
-0.251601682,0.413099541,1
-0.655260845,0.825676406,0
-0.531541052,-0.358418297,1
-0.100471003,0.980855248,0
0.674939397,-0.803734906,0
-0.4042158,0.247617129,1
0.704219528,-0.767307013,0
-0.816322886,-0.526160416,0
-0.137232549,-0.862937741,0
0.405131902,-0.899680701,0
0.926538528,-0.042526094,0
-0.377952736,0.194595149,1
-0.991433557,0.190120874,0
-0.419477991,-0.383778535,1
0.685068533,0.739220665,0
0.90372499,0.113765704,0
-0.910693364,0.351336133,0
0.493593472,-0.170328076,1
-0.5109517,0.275994633,1
0.337062299,-0.328986209,1
-0.938282304,0.139789793,0
0.324182214,0.075377504,1
-0.032004213,-0.514071792,1
0.877516446,-0.66198076,0
-0.063579835,0.588062405,1
-0.175346878,-0.962121753,0
0.660907888,-0.785180553,0
-0.345070968,0.354423939,1
0.085423315,0.533861909,1
-0.397722425,-1.007138276,0
0.780678253,-0.414740422,0
-0.208401245,-0.314732079,1
-0.213030935,-0.408720538,1
-0.272659818,-0.896763061,0
0.739830648,0.732530328,0
-0.329546083,-0.423425261,1
0.947930146,0.433664885,0
0.151553817,-0.943255961,0
0.388975059,0.221435189,1
0.951721572,-0.14773698,0
-0.562601715,-0.05110965,1
0.861686155,0.419871321,0
0.40820242,-0.208649267,1
-0.872530821,0.686340194,0
0.494542226,0.870261143,0
-0.225737048,0.329446913,1
0.136299256,0.476619302,1
0.886117191,-0.128830824,0
-0.424250143,0.357437751,1
-0.468164608,-0.112086582,1
0.890351916,-0.60284018,0
0.195319077,-0.470557697,1
-0.384296019,0.722082186,0
0.409360273,0.792688698,0
0.301048524,-0.284303786,1
-0.713621134,0.790926395,0
0.737774859,0.645335654,0
0.022564021,-0.533793609,1
0.335407076,0.253194269,1
-0.908624891,-0.067552702,0
-0.169353144,0.411130666,1
-0.723135579,0.596493707,0
-0.712568741,-0.816845379,0
-0.314979348,-0.832190427,0
-0.549620164,-0.077674607,1
0.000760588,-0.989862776,0
0.402738672,0.343769637,1
-0.048502199,0.947914965,0
0.176940898,-0.492229604,1
0.50180697,-0.83114395,0
0.433962222,-0.839670666,0
-0.158020176,-0.367163835,1
-0.071618147,-0.498419013,1
0.310164409,-0.317515005,1
0.084554403,-0.984856489,0
-0.343717832,-0.397063106,1
0.913767353,0.305017332,0
-0.562145594,-0.179267945,1
-1.021910327,-0.030968818,0
-0.825122159,-0.64294525,0
0.482292569,-0.30341458,1
-0.042768,0.524695051,1
1.032451034,-0.148142627,0
-0.060270449,-0.55312139,1
0.234914848,0.404451276,1
0.084750973,0.938331346,0
0.785886075,0.536962545,0
0.096350742,-0.476933145,1
0.047255482,-0.516547575,1
0.385566004,0.946351761,0
0.112428216,-0.494745008,1
-0.689863039,-0.575384424,0
-0.027876491,0.520610792,1
0.870706339,0.510547455,0
-0.927992425,0.045129425,0
-0.895010886,0.66930103,0
-0.553753249,0.037044062,1
-0.462270819,-0.198659369,1
0.142586464,-0.437606769,1
0.804105402,0.561046223,0
0.94126714,0.195192229,0
0.435720486,0.284508324,1
-0.41596614,-0.234962531,1
-0.7341515,-0.451002625,0
-0.422698334,-0.300259471,1
0.176873598,0.588100483,1
0.966085674,-0.414829626,0
0.025458387,1.048559419,0
-0.336321027,-0.372193594,1
0.467077558,-0.048925175,1
-0.609996346,0.733542671,0
-0.858462838,-0.605624321,0
-0.472525161,-0.468357838,1
0.018893689,1.017478052,0
0.275152372,0.482374939,1
-0.434478052,0.181016671,1
0.706880333,0.593760897,0
-0.046987547,0.404397431,1
0.270692405,0.369563784,1
0.00642434,-1.090139283,0
0.020780647,0.510228309,1
-0.634866568,0.732475891,0
0.255671181,-0.522507852,1
-0.470575891,-0.217802898,1
0.474832855,0.339578617,1
-0.12328006,-0.919031603,0
-0.671440283,0.50019508,0
-0.206258753,0.564658128,1
0.43796684,0.271994053,1
-0.211809506,-0.480414804,1
0.608597859,-0.788370623,0
0.084180995,-0.586109616,1
-0.707593839,0.641871561,0
-0.379170255,-0.304505651,1
-0.916362153,-0.234192133,0
-0.146917193,0.593064136,1
-0.392883477,-0.160923562,1
0.172936931,-0.361279976,1
0.436612552,0.923319543,0
-0.437626049,-0.919096651,0
0.354268398,0.474165806,1
-0.499711816,0.943119717,0
0.345739906,-0.494896287,1
-0.213067531,0.34579091,1
0.71041954,-0.836529747,0
-0.576731526,-0.88099188,0
-1.023621507,-0.106457787,0
0.000719875,0.975532429,0
0.415510597,0.152083193,1
-0.586921408,-0.792609682,0
-0.307332756,-0.196716677,1
0.145234654,0.982176974,0
0.788387787,-0.477973405,0
-0.312993945,-0.321632036,1
-0.333147947,0.406065069,1
-0.831812023,0.694101158,0
0.580762098,-0.654348416,0
0.255125763,-0.940854706,0
0.822268593,0.527304371,0
-0.472699746,-0.029270712,1
-0.457107291,-0.26247419,1
-0.104857539,0.457160903,1
-0.373647131,-0.372332921,1
-0.271841959,0.332715712,1
0.752775362,-0.732752698,0
-0.046662455,0.520384138,1
0.440526871,-0.153113738,1
-1.016384856,-0.395857936,0
-0.183234805,-0.588819144,1
-0.605022714,-0.052022836,1
0.321899992,-0.947426967,0
-0.973138664,-0.223593492,0
-0.634311541,-0.652565204,0
-1.045524342,0.101974376,0
0.531339003,0.730955739,0
0.150728201,-0.924559752,0
-0.2661516,-0.374265219,1
-0.503635352,-0.024735052,1
-0.538600282,0.829752091,0
0.111820655,1.012959549,0
0.880661208,-0.47949116,0
-0.862810173,0.468573194,0
-0.050461687,-1.027554183,0
0.980318347,0.550681778,0
-1.010953858,0.075941854,0
0.363043017,-0.261411466,1
0.153535713,-0.457605953,1
0.500659072,-0.854207176,0
-0.283109679,0.385421273,1
-0.047314161,0.462172118,1
-0.326880583,-0.444286558,1
0.374300688,-0.269596629,1
-0.328565894,0.314334629,1
0.469425772,0.023925077,1
-0.940085544,0.599785663,0
-0.944129501,-0.602481328,0
-0.266177479,0.464532249,1
-0.331930964,-0.415453071,1
-0.458840779,-0.256463695,1
0.643346081,0.825006068,0
-0.489410706,0.226780979,1
-0.550206263,0.096763716,1
-0.051658703,0.493122015,1
-0.885924005,0.577652209,0
0.590623522,0.823394429,0
-0.625962186,0.732152589,0
-0.205986241,0.450449501,1
-0.786163931,0.679467648,0
0.836567578,0.440420718,0
-0.144448643,0.466214202,1
0.211294744,0.97075883,0
-1.114033262,-0.008955048,0
-0.628850376,0.877402797,0
0.836122463,0.603814477,0
0.464078906,0.124045581,1
1.02143378,-0.305497206,0
0.59121318,0.793316797,0
0.263920118,0.442969913,1
0.015518689,-0.528614577,1
-0.458870896,0.034746991,1
0.592642405,0.000299313,1
-0.024787573,1.061433722,0
0.170130148,0.95138062,0
0.132926466,-0.51631982,1
-0.526084173,0.780977575,0
0.67880082,0.793182012,0
-0.898216446,-0.560260886,0
0.397461275,0.091515915,1
-0.468847442,0.884450533,0
0.487271633,0.177459573,1
0.017718051,-0.502961772,1
0.257626057,1.015235514,0
0.09300257,0.976164646,0
0.434259258,0.862329487,0
0.496550951,0.12743508,1
-0.730212085,0.742351317,0
0.958550065,-0.24480412,0
0.455213443,-0.324127359,1
-0.625667592,-0.829366905,0
-0.091940464,-0.432659746,1
0.325218173,-0.262518894,1
-0.492489817,0.84002457,0
-0.934641304,-0.659415708,0
0.541056292,0.094102329,1
-0.032908411,1.132643887,0
0.452137591,0.263764761,1
0.373123789,-0.113388014,1
-0.956484257,-0.292274536,0
0.304041745,0.379852943,1
-0.002822795,0.511673658,1
0.779697484,0.543559505,0
-0.457667586,0.093948676,1
0.520499783,-0.203482836,1
-0.676925669,-0.851922542,0
-0.484049882,-0.856314724,0
0.948085698,0.093386974,0
0.667870708,-0.647144072,0
0.072692598,1.077352833,0
0.934991648,0.32180757,0
0.123492226,0.530797798,1
0.867260919,-0.50639367,0
-0.91177218,0.449082891,0
-0.279771696,-0.863941341,0
-0.235153631,0.490219319,1
-0.33956281,0.16629795,1
0.451831118,-0.846754948,0
-0.323260502,0.859074948,0
0.407346371,0.917147182,0
-0.158516191,1.024341444,0
0.945092601,-0.477434562,0
0.3089224,-0.493786062,1
0.069220595,0.534236356,1
-0.591868294,0.869236001,0
-0.453596254,0.983799834,0
0.501517803,-0.000748851,1
0.967076359,-0.380285111,0
0.133460548,-0.454025361,1
0.427287226,0.846965223,0
-0.769712602,0.388868337,0
0.129417555,0.902534296,0
1.084216009,0.041379926,0
0.026889882,-0.520479565,1
0.388516095,0.349908925,1
0.900657829,0.372849976,0
-0.464075178,-0.057680645,1
-0.263234519,-0.456498697,1
0.624492287,-0.806274499,0
-0.111665562,-0.496435236,1
-0.164701052,-0.473674517,1
-0.28467321,0.960330889,0
0.361858963,-0.286278286,1
-0.165602387,-0.348343974,1
0.533789525,-0.160549185,1
0.383520783,-0.311723094,1
0.04428532,0.412254568,1
-1.045113812,0.052583181,0
0.864788799,0.428708133,0
-1.075242242,-0.080220308,0
0.47333077,0.248153441,1
-0.883899833,-0.214195603,0
0.425947384,0.94120656,0
0.786309266,0.690747586,0
0.642822153,0.602594461,0
-0.258294154,1.016941432,0
0.412339939,0.194018231,1
0.400285829,0.170875516,1
-0.599448264,-0.828113148,0
0.096941864,-0.925376571,0
-0.168973576,-0.458331839,1
-0.380852922,0.178456212,1
-0.708409401,-0.622254623,0
-0.296685976,-0.37106204,1
-0.344444905,-0.422054024,1
-0.851689527,0.448034784,0
-0.559958217,-0.720398742,0
0.48314423,-0.140119591,1
-0.240719374,1.019499429,0
0.160541864,-0.544148982,1
0.151631139,0.57843601,1
-0.451621771,0.896788628,0
0.477497092,-0.062808278,1
0.326259952,-0.204522305,1
0.496433117,0.085115093,1
0.997294856,0.277125008,0
-0.029370421,-0.926527364,0
-0.412958228,0.051159393,1
-0.082695905,-1.05659559,0
-1.025244457,0.169387445,0
0.514906089,-0.06548567,1
-0.339398822,-0.196461809,1
0.480969825,-0.029413276,1
-0.347629851,-0.38405568,1
-0.884249304,0.516271461,0
-0.550858158,0.878490565,0
-0.496595194,-0.835741576,0
-0.609891433,0.838344139,0
-0.927535778,0.291373543,0
-0.170568853,0.425270232,1
0.463629743,0.093082221,1
0.43682007,-0.324532345,1
-0.291181463,0.203634483,1
0.221871994,0.400992035,1
0.497053303,-0.242301751,1
0.006579985,-1.021789116,0
0.624930149,0.724628966,0
-1.033570894,0.348517553,0
0.137291011,0.407944842,1
-0.360582576,-0.977435539,0
0.282341763,0.457139556,1
-0.196686323,-0.508904687,1
0.40102321,-1.07984468,0
0.410131128,0.390152703,1
0.982381511,-0.339440592,0
0.502230051,-0.010940626,1
0.033457764,-0.523995519,1
-0.845153253,0.632269431,0
0.586363043,-0.154593737,1
-0.298217007,-0.351461618,1
0.273141562,0.409468237,1
0.364551107,-0.465640484,1
-0.057742123,0.514236348,1
-0.161363228,-0.375625117,1
1.030190057,0.108642072,0
-0.197603743,0.481658621,1
0.037029838,-0.9592143,0
-0.860980419,0.665071973,0
-0.009875684,1.024876811,0
-0.114060733,0.511849508,1
-0.355012416,-0.011727626,1
0.485079548,0.2714717,1
-0.430535955,-0.853403181,0
0.430901246,-0.167258184,1
-0.495994829,-0.056053419,1
-0.347970146,0.372493913,1
0.294757118,0.400517068,1
0.79146675,-0.793815805,0
-0.82216318,-0.610906937,0
-0.293898985,0.273373984,1
-0.344950575,-0.543359948,1
-0.724587152,-0.675127737,0
0.880252733,-0.556143484,0
0.581802194,-0.743900135,0
0.181628076,0.355198049,1
-0.111349093,0.589291368,1
-0.289684689,-1.03354418,0
0.142887844,-0.427457528,1
-0.482447835,-0.164863612,1
-0.479176764,-0.90858688,0
0.555572622,-0.188781778,1
-0.414530922,0.881846727,0
-0.397347174,-0.336886717,1
0.047447635,-0.370076522,1
0.197109372,0.457352282,1
-0.18186365,-0.547275328,1
-0.686779772,-0.671066445,0
0.005621294,-0.431554542,1
0.694494329,0.680454597,0
0.543615083,-0.003716339,1
0.474469473,0.290383415,1
0.646874289,-0.776115749,0
0.124114565,-1.034225269,0
-0.746205895,-0.498483703,0
0.41495717,-0.073720098,1
0.165421264,0.385885622,1
-0.225833208,-0.435958381,1
-0.986535476,0.606345094,0
0.757224501,0.510835047,0
-0.037458119,0.529506558,1
-0.404135834,-0.244539317,1
-0.057173395,-1.042249956,0
-0.58223504,0.928671256,0
0.127285234,-0.492800694,1
-0.360832893,-0.448855606,1
0.453073532,-0.874400236,0
0.485030456,-0.893858589,0
0.07517541,0.526467985,1
0.358974511,-0.485836724,1
0.888507798,-0.376376055,0
-0.273490891,0.428779887,1
-0.042666937,-0.542171458,1
0.268134436,-0.393378222,1
-0.017897977,0.483588889,1
-0.388010831,0.109786051,1
-0.017977894,-0.572163618,1
-0.481383678,-0.781230479,0
0.843768189,0.632733399,0
0.362115162,-0.997608703,0
1.009289632,-0.045973425,0
0.436173004,0.266073373,1
-0.355460043,0.369453631,1
0.39022405,-0.411562941,1
-0.884819429,0.319241025,0
0.411091003,0.172827668,1
-0.440504949,0.254137511,1
0.024831659,0.604228572,1
-0.797264573,-0.472728134,0
-0.496175054,0.413175636,1
-0.399989663,0.071959401,1
-0.359278043,0.291804644,1
0.090381121,0.519692238,1
-1.054933497,0.128401585,0
-0.285054504,-0.89838367,0
-0.626021367,0.662817325,0
0.932982232,-0.089120024,0
0.210955609,0.40087963,1
-0.341864012,-0.204019747,1
-0.782025526,0.601132242,0
-0.931542994,0.435407237,0
-0.612278977,0.043066372,1
-0.129743863,-0.495921533,1
0.360601937,0.413669254,1
0.485482328,0.931911524,0
-0.327341986,-0.952926376,0
0.377350374,-0.911019642,0
-0.89562769,0.384817054,0
-0.477483132,0.010696541,1
0.358435618,0.335052135,1
-0.089848072,-0.392362873,1
-0.197984606,-0.946677221,0
-0.265615316,0.957219185,0
-0.458438309,0.068814792,1
0.321015209,0.294098508,1
-0.494182434,-0.175880431,1
-0.663119864,-0.753994773,0
-0.031841857,-0.912282316,0
-0.965789602,0.050776207,0
0.411306362,0.267201677,1
0.259422345,0.272743613,1
-0.349239366,-1.030806736,0
-0.485071347,-0.005204991,1
0.938706409,-0.028201459,0
-0.388234817,0.304941667,1
0.116354255,0.433646615,1
0.948674504,-0.463856908,0
0.346505606,0.276903021,1
-0.247359903,-0.3399761,1
-0.47604741,-0.343657707,1
0.018392525,0.547228936,1
-0.348843662,-0.301623985,1
-0.451802543,0.917892604,0
0.840519617,0.565072818,0
-0.183452567,0.368738233,1
0.272861756,0.971783837,0
0.235327512,0.381901213,1
0.562724168,-0.828379249,0
-0.036003041,1.041528771,0
0.448932706,-0.130591908,1
-0.322003549,-0.362245555,1
0.116139,-0.513781156,1
-0.508234737,-0.09404785,1
-0.139033324,-0.510752365,1
0.020189608,0.433211398,1
-0.636912431,0.779119373,0
-0.087780635,1.037245556,0
-0.0361928,-1.097593475,0
0.945260058,0.248370711,0
0.574805636,-0.856039097,0
-0.379901091,-0.159494885,1
-0.435867738,0.107889152,1
0.297624363,-0.503323313,1
-0.366145157,-0.865450813,0
-0.424985213,-0.053062105,1
0.101934688,-0.466713917,1
1.116585323,0.077431344,0
0.676641368,0.684550758,0
0.526220572,-0.90899031,0
-0.701009071,0.824743735,0
-0.25692317,0.918970871,0
-0.297246718,-0.977331698,0
0.584205817,0.146686444,1
-0.011378262,-0.537402188,1
0.535133914,0.069826693,1
-0.66368792,0.801442204,0
-0.022981329,-0.450914887,1
-0.268737458,-0.374572173,1
0.055201485,0.364615123,1
0.123609425,0.948450348,0
-0.382065554,0.194961886,1
-0.213951311,0.537547515,1
-0.519897638,0.782397064,0
-0.483467985,0.241163544,1
-0.173040624,-0.508743067,1
-0.811574234,-0.591710777,0
-0.459700758,0.21447554,1
0.50875513,-0.189757385,1
-0.883044792,0.233499159,0
0.948843966,0.479871775,0
1.062665621,-0.014125139,0
-0.506862831,0.326945783,1
0.046348108,1.076158024,0
-0.537346344,-0.793350623,0
0.81010901,0.608078972,0
0.526691132,-0.100303395,1
-0.514532696,-0.260398921,1
-0.181762126,-0.375315837,1
-0.853588,-0.404748843,0
0.59871033,0.689130947,0
-0.111481928,0.46950591,1
0.494025951,-0.009521616,1
-0.046432953,-0.551194935,1
-0.393273016,-0.294563329,1
-0.207091789,-0.507930439,1
0.676810616,-0.818875309,0
-0.430974173,-0.890655797,0
0.651633839,0.752545422,0
0.493448488,0.051985485,1
-0.343171272,-0.413037648,1
0.913881804,0.062175234,0
-1.091013447,0.054616424,0
0.55069864,-0.84496724,0
0.886149094,-0.40867269,0
-0.726309292,-0.750272873,0
0.081722873,-0.595034168,1
0.859182064,-0.378452235,0
-0.321651454,-0.441211572,1
0.364271217,-0.494702465,1
-0.860379804,0.507056722,0
0.528066127,-0.129660894,1
-0.58572813,0.932175834,0
-0.260199728,0.343140027,1
0.560312608,0.733022556,0
-0.654495752,0.831099939,0
-0.416701648,0.978402095,0
0.109990103,-0.509524676,1
-0.855603343,-0.52044675,0
-0.391101454,-0.286220877,1
-0.178312493,1.061672729,0
-0.133886737,-0.379448249,1
0.401792083,-0.197621292,1
0.339130636,0.088566169,1
-0.748411548,0.592927378,0
-0.603942835,-0.089011852,1
-0.911133368,0.190674274,0
-0.409767221,0.103977386,1
0.049311806,0.499090194,1
-1.032988608,-0.019262929,0
-0.980927222,-0.16175611,0
0.487670402,0.099594187,1
0.875190047,-0.561586369,0
-0.46602963,-0.325913683,1
-1.065420995,-0.381414292,0
0.180301068,-0.451320268,1
-0.224384141,0.428774723,1
-0.370280919,-0.409949683,1
0.400188644,0.393085069,1
0.858607779,-0.32680675,0
0.528215112,0.95319784,0
-0.619892639,0.810538884,0
0.990488663,0.295619433,0
0.511893857,0.266929751,1
0.348573982,-0.326581659,1
0.509208022,-0.161412028,1
-0.525791457,0.010866822,1
0.023615996,-0.527329341,1
-0.921697597,0.405561137,0
0.599216779,-0.843575504,0
0.296777922,-0.522808714,1
-0.343451323,-0.269087826,1
0.18397499,-0.422754552,1
-0.442825483,-0.086234832,1
-0.919700967,0.286393162,0
-0.242536012,0.503594605,1
-0.35909507,0.239191893,1
0.245089502,-0.959405013,0
0.80322055,-0.741040553,0
0.257594916,-0.463576203,1
0.36012902,-0.884987523,0
-0.020276409,0.563998699,1
-0.519499783,0.225490735,1
0.524708264,0.034348109,1
-0.92655237,-0.494692683,0
-0.169590143,0.507291885,1
0.901420275,-0.449493159,0
-0.561059407,0.824726486,0
-0.276711698,-0.346008072,1
0.435903729,-0.055393479,1
0.288410291,0.451493467,1
-1.001721889,0.240625319,0
-0.003318269,0.37006947,1
0.166338711,0.424705631,1
0.436516015,-0.376924494,1
-0.434664469,-0.163045281,1
-0.575758467,-0.772158466,0
-0.888650244,-0.475258932,0
-0.654847684,-0.803346127,0
-0.756154449,-0.656322653,0
0.822073088,-0.62040517,0
0.329104794,-0.317387505,1
-0.479406598,-0.235070361,1
-0.321152458,0.332792387,1
-0.278799912,0.484602444,1
-0.115536572,0.565165415,1
-1.048969964,0.316223224,0
-0.383949854,0.239916999,1
0.261877011,-0.984791614,0
-0.309850913,0.992560072,0
0.886489795,-0.40466814,0
-0.162927467,-0.953239082,0
-0.197551955,-1.044564147,0
0.489974065,-0.853102685,0
1.073485835,-0.297288419,0
0.252505267,0.374168433,1
-0.264460723,0.417481524,1
0.376060942,0.0953001,1
-0.416654068,-0.34628671,1
-0.833035941,0.22905367,0
-0.777646957,-0.433986113,0
0.643939411,0.797981065,0
0.5750904,0.817332739,0
0.350458956,0.276254626,1
0.016434095,-1.012586235,0
0.356495782,0.420556517,1
0.590285251,-0.730381166,0
0.923548888,-0.392573283,0
-0.284130972,-0.488370455,1
-0.205848373,0.475138411,1
0.082333505,0.527650561,1
0.113647407,0.472268962,1
-0.64236943,-0.649035391,0
-0.403926599,-0.202474654,1
-0.752225974,-0.745614353,0
0.526143549,0.879186798,0
0.795406944,0.604523249,0
0.562577972,0.118750682,1
-0.414719358,-0.305801445,1
-0.67969545,-0.688233154,0
-0.257248753,-0.461578498,1
-0.357653098,-0.213728,1
-0.439291906,0.862629666,0
-1.00871951,0.091682751,0
-1.072899288,0.005979142,0
0.373763278,-0.280483957,1
-0.42455481,0.166716358,1
-0.042781253,-0.465040417,1
0.917980225,0.677022498,0
0.435151832,-0.955636604,0
-0.92224536,0.478125507,0
0.360733817,0.302964882,1
1.001784093,0.331138353,0
0.650798636,-0.944064432,0
0.064287556,-0.516789756,1
0.920025644,-0.204414799,0
-0.181462038,-1.036375795,0
-0.367143224,0.248613354,1
-0.389453445,-0.275877766,1
0.462357726,-0.171490883,1
-0.330635475,0.371323247,1
0.404798035,-0.275931233,1
-0.31416199,-0.382848188,1
-0.382743497,0.440961,1
0.195944615,-0.931211914,0
0.693357236,-0.598635384,0
-0.801356186,-0.359196299,0
0.460301132,-0.137860111,1
-0.304809935,0.433019925,1
0.841770891,0.43422298,0
-0.972615463,-0.053993969,0
-0.951031097,-0.047148031,0
-0.614570443,0.90830427,0
0.203937383,0.912728207,0
-0.099978334,0.511534827,1
0.640152371,0.776780286,0
-0.094727657,0.495609968,1
0.425134294,0.070878538,1
0.27748805,0.239043858,1
0.311254439,-0.937325652,0
-1.071196943,-0.082970934,0
0.253668764,-0.467111672,1
-0.371601964,-0.198076688,1
0.437776253,0.761886181,0
0.376576869,-0.876957041,0
0.472185259,0.851565501,0
-0.295774722,0.31814874,1
-0.451447956,0.312918516,1
-0.05208046,-0.463089807,1
-0.444449722,0.404416216,1
0.323022296,-0.407815228,1
0.63669597,0.661187896,0
0.320124984,0.841512955,0
0.737011575,0.774775871,0
-0.426905926,0.198034559,1
0.322021424,-0.40965422,1
-0.112174556,0.537240141,1
0.798956698,-0.633498682,0
0.295976127,1.009816082,0
-0.16004212,0.952076638,0
0.463707063,-0.057964806,1
0.936416289,0.260491362,0
0.210826931,-1.019370857,0
0.114327179,1.112992895,0
-0.635297152,-0.781692808,0
0.922071976,0.163692533,0
0.298491037,0.499042956,1
0.494421043,-0.198439366,1
0.391629128,0.097706207,1
0.675816163,-0.758820179,0
-0.511001692,0.882484313,0
0.491107516,0.251990081,1
-0.43521091,0.138991847,1
0.263899736,0.928805149,0
-0.855995895,0.467845906,0
-0.07276218,-0.475442396,1
-0.338641377,0.138219064,1
0.415241185,-0.09755676,1
0.753557117,-0.715566364,0
-0.071147926,-1.172560934,0
0.733434419,-0.521318323,0
-0.130996841,0.95670795,0
0.762154099,0.421156447,0
-0.396485718,0.306825896,1
0.378767255,-0.950698139,0
-0.915984694,-0.221819085,0
-0.432181188,-0.308880817,1
-0.467043175,-0.30090649,1
0.87367036,-0.454104019,0
0.291276338,-0.42783645,1
0.206653277,-0.447567487,1
0.277519822,-0.475446863,1
0.501872719,-0.997667729,0
-0.520636295,-0.860178161,0
0.079251892,0.469501632,1
-0.397212518,-0.206823981,1
0.192465639,-0.467821943,1
0.494299301,-0.161700756,1
-0.752220931,-0.782698877,0
-0.237072036,-0.457253487,1
-0.266254343,-0.415383008,1
-0.513950712,0.217113409,1
-0.110441303,-0.587933598,1
0.271908302,0.458342801,1
0.245124616,0.979444992,0
-0.305081678,-0.448480369,1
0.579863562,0.089482006,1
0.328887547,-0.471401072,1
0.379126849,-0.368835724,1
-0.137991917,-1.045903606,0
0.55961255,-0.08699706,1
-0.308450274,-0.880536842,0
0.500545525,0.201483481,1
0.494535978,-0.268935097,1
0.050107654,-0.495361981,1
0.220715201,0.999850519,0
0.494763905,0.027622157,1
1.014431827,-0.044831615,0
0.930263003,0.402246179,0
0.959044143,0.197366467,0
-0.446800995,0.21091187,1
0.155472324,0.949372467,0
0.372313033,-0.861886883,0
-0.128742926,-0.923734257,0
0.187953686,0.568052223,1
-0.444268145,0.369853464,1
0.753438206,0.59513377,0
0.544207723,0.927356267,0
0.418432161,-0.184656672,1
0.270745451,0.89989688,0
-0.490567117,0.086599735,1
-0.416455338,-0.253739944,1
-0.154676581,0.923530298,0
1.031162876,0.23343302,0
-0.905113209,-0.383232794,0
0.036521153,-0.45461748,1
-0.223510591,-0.47263226,1
-0.976401529,-0.171577143,0
-0.312202067,0.921586654,0
-1.029484164,0.12310205,0
-0.350775377,0.490616051,1
0.748125671,0.768963467,0
0.44031421,-0.044723286,1
-0.594768232,-0.168202078,1
-0.023749809,0.474724141,1
1.006046478,-0.430632972,0
-0.481057071,-0.857663556,0
-0.36501496,-0.405118902,1
-0.528158523,0.180712147,1
0.394512343,0.402685649,1
0.815420495,-0.558017202,0
0.935524129,-0.261893045,0
-0.485313996,-0.011945409,1
1.014474238,0.087813784,0
0.339141533,0.356835739,1
0.618629647,0.724016213,0
0.859740556,-0.341000651,0
0.216100845,0.451009362,1
-0.513723436,-0.157749549,1
-0.310033261,-0.971524375,0
0.536676093,-0.844066017,0
-0.28870928,-0.327246466,1
0.726333465,-0.593893814,0
-0.449504639,0.062344097,1
-0.751440146,-0.571628602,0
0.502526328,0.05225347,1
0.626030826,0.753863118,0
-0.117932414,-0.963963842,0
-0.125338939,0.400502109,1
0.558061414,-0.045967487,1
-0.391188703,0.852147678,0
0.483312547,1.018762314,0
-0.164598904,0.47993298,1
-0.893648003,0.325798339,0
-0.440718796,0.256389424,1
-0.829722426,-0.699770598,0
0.43903325,0.213464124,1
-0.344786879,0.308686006,1
-0.215612402,0.927790904,0
-0.16039152,0.398229498,1
0.031823324,0.534077961,1
0.797568548,0.485251669,0
-0.598589299,-0.087216118,1
0.40488227,-0.409275976,1
-0.615334409,-0.749568242,0
-0.145435176,0.457514281,1
-0.206619442,0.926466462,0
-0.453622555,-0.319242543,1
-0.991269166,0.004861459,0
-0.971819743,0.323638541,0
0.173367762,0.492210872,1
-0.405134111,0.210920574,1
0.356201323,-0.334875718,1
0.292358555,0.500329159,1
-0.100987823,1.043707973,0
0.235880793,-0.946210939,0
0.278607631,0.380571454,1
0.187867995,0.578617082,1
0.924386875,0.190350329,0
0.42249505,0.257192064,1
-0.477526491,0.923646105,0
0.059087791,-1.108422239,0
1.051726328,0.167188903,0
0.725388881,-0.695351189,0
0.482390775,0.199668059,1
0.884476796,0.506561419,0
0.12996696,-0.907905227,0
0.509813936,0.343498659,1
0.446940914,-0.149375686,1
0.515597669,0.240052297,1
0.540284548,0.319414791,1
0.117352202,-1.031300756,0
-0.55975462,0.189538026,1
-0.968341047,-0.496232041,0
0.260765029,1.043911674,0
0.177147202,0.515868206,1
-0.027247743,-1.001485627,0
-0.894066319,-0.585028953,0
0.843640212,0.674810971,0
-0.066184939,-1.011408985,0
0.841579413,-0.378702477,0
-0.309214731,-0.224878393,1
0.912881949,0.586153704,0
-0.716089909,0.729826248,0
0.67118983,0.699479526,0
-0.180047093,-0.431719912,1
0.992557232,0.047899857,0
-0.526143859,0.382122335,1
0.449792818,-0.295707827,1
-1.028900617,-0.354624826,0
-0.746471847,0.707102523,0
-0.500275889,-0.155652303,1
-0.82536794,0.715007896,0
0.317996086,0.985892448,0
0.935164593,-0.432008261,0
-0.575538994,0.793065089,0
1.013191552,-0.193574172,0
-0.518529494,-0.199936426,1
-0.35052957,-0.253112995,1
-0.788635094,0.668638435,0
0.419986285,-1.003635205,0
-0.247359048,0.33842097,1
-0.095665163,-0.476062591,1
0.006935595,0.955778151,0
-0.405845087,-0.383802074,1
0.11539824,0.426742955,1
0.389538594,0.369391874,1
-0.443063177,0.066063589,1
-0.152264995,-0.400837959,1
0.445252015,0.870967837,0
-0.274715922,-0.288210727,1
-0.181522678,0.457686857,1
-0.869360456,-0.339043735,0
0.344803053,-0.363499772,1
-0.711870596,0.755403786,0
0.842406908,-0.542125549,0
-0.188722758,-0.964620573,0
0.348565583,-1.02259627,0
1.023236066,-0.310592481,0
-0.023244682,0.491092576,1
-0.282728295,-0.495711246,1
0.240940229,0.397729101,1
0.42009845,-0.41393315,1
0.132474477,0.443018909,1
0.750410348,-0.818085115,0
1.009479382,-0.103210874,0
0.365503919,0.424153523,1
0.577249067,-0.217572818,1
0.417972378,0.183380857,1
0.989963154,-0.351106678,0
0.207137564,-0.91477518,0
-0.465674408,0.96933324,0
0.325461539,0.898099573,0
0.822461646,0.473185715,0
-0.650960392,-0.685306537,0
0.877848461,-0.583610882,0
-0.41706799,-0.302047821,1
-0.671556766,-0.665318939,0
-0.805609485,0.580900383,0
0.768973505,0.536379171,0
0.442456596,0.29868479,1
-1.003888896,0.413261752,0
0.138548939,-0.980304394,0
0.36931547,0.349182897,1
0.383813763,-0.306148122,1
-0.34043125,0.988177517,0
0.918900369,0.2931556,0
-0.361788085,0.410990401,1
0.005262006,1.028492645,0
0.691759972,-0.667520714,0
0.499016076,-0.094841254,1
-0.39817713,0.11895935,1
0.522192606,0.11749186,1
-0.285767717,-0.291705988,1
-0.764929072,0.729612456,0
-0.427705168,0.898261538,0
-0.043480677,0.972164351,0
0.023950458,-0.907810687,0
-0.47522776,-0.112240061,1
-0.445294773,-0.045393038,1
0.303375055,-0.1476636,1
0.412095141,0.264281865,1
0.508390316,-0.279479841,1
0.600165857,0.668117096,0
0.31507331,-1.048048374,0
1.023939908,0.21055696,0
0.1513511,0.495348919,1
0.658380443,-0.694287074,0
-0.494649744,0.099716621,1
-0.990167826,0.037239034,0
-0.416523661,-0.887732841,0
0.609834445,0.909581947,0
-0.029920269,0.977684426,0
-0.245252222,-1.014772384,0
-1.021118479,-0.231025637,0
-0.989434135,-0.236286179,0
-0.669879876,-0.842214159,0
-0.255005193,-0.83715835,0
-0.107818884,0.516448418,1
-0.085683525,0.493057813,1
-0.815328981,0.507938297,0
0.92352654,-0.51716023,0
0.256055045,0.476178517,1
-0.622094033,-0.893343563,0
0.372698678,-0.871472766,0
0.513780831,-0.166191121,1
0.223683706,0.481285247,1
0.742478495,0.619863049,0
0.641334593,-0.756450108,0
-0.96567316,0.289767355,0
-0.558559141,0.230671484,1
0.357328587,-0.268336692,1
-0.068839901,-0.394461056,1
-0.077838213,-0.989696889,0
0.939864723,-0.186546864,0
0.670459641,0.622661568,0
0.579421249,-0.217874995,1
0.233781798,-1.102759245,0
1.045878221,0.436078661,0
0.6168203,-0.752701064,0
-1.007500555,-0.204896057,0
-0.167793236,-0.517503723,1
0.490444223,-0.81877663,0
-0.310967896,-0.295574076,1
0.473344941,0.913000801,0
0.872860861,0.475569971,0
-1.041311338,-0.348721809,0
-0.594984032,0.018068136,1
-0.129501934,-0.899582376,0
-0.408247943,0.921234238,0
-0.36891816,0.204821935,1
-0.801040758,-0.717983718,0
-0.566835627,-0.021597033,1
0.453473952,0.232378854,1
-0.775585395,-0.571700806,0
0.346913042,-0.505676491,1
-0.033641653,-0.638530035,1
-0.177747255,1.054713683,0
0.001695183,-0.460403521,1
0.486318286,0.117175235,1
-0.461565706,0.451285008,1
-0.030603258,-0.575388285,1
-0.036226292,-0.964681837,0
0.502482023,-0.877733032,0
0.192028186,0.454517027,1
-0.337206851,-0.366509265,1
-0.895717212,-0.439690876,0
-0.355540449,-0.797586348,0
