X1,X2,X3,X4,X5,Y
72.34128686,36.60237144,88.35494457,66.23522075,56.13612793,-323.8164574
27.59119563,7.783417451,0.286837352,83.20189978,96.23145377,-1847.631044
63.65133523,54.92606094,14.81506243,27.04014484,97.01672756,-1700.601169
92.83053497,72.93369649,30.4684536,87.03752166,43.92680881,-459.6990926
58.49021266,98.5535245,82.36588501,98.99576713,57.83260361,-503.1737637
93.7407911,98.13431579,14.35755957,52.92695435,41.02710828,-536.9511911
34.99211083,27.63813977,88.59108804,83.36498584,30.00376686,97.40047189
82.74249596,49.80759444,53.8367008,59.5613971,56.67457653,-558.2147317
16.66621339,77.12057058,41.37429004,89.03224381,31.1218301,-359.9385022
63.53600433,18.81662022,97.16419798,6.761400172,28.49868789,281.9670208
16.4900458,12.13745638,3.429046938,98.07174547,32.37620208,-586.1880319
63.91596655,22.12033336,6.531803985,43.47940306,39.42390141,-573.127834
29.04634488,0.564607721,44.83148067,70.31703306,2.199591962,356.4029524
61.35458228,54.57923615,16.73339194,21.11251714,69.57955384,-1144.972823
3.632582241,4.621601309,7.995319824,26.72544091,49.70029933,-931.7626024
76.31683614,60.20996216,86.06575208,10.41348668,13.66112449,497.9783211
8.465119373,52.91888821,6.523753643,25.49201104,9.414723633,-170.1517272
60.46658545,6.30517671,18.60396322,68.49625909,69.60068121,-1086.691302
81.38663118,24.29887163,47.34545202,60.34938744,41.32512454,-275.2233048
83.77820567,78.46348919,25.68951799,47.53579216,56.3028907,-773.3600602
78.16669486,94.93631122,76.3059998,43.04285153,41.24717568,-151.2377416
9.296297666,26.16297527,88.65475043,79.96115235,15.87668416,304.7754874
42.65207344,71.82924485,66.47430235,96.53620474,14.57417786,229.9635347
35.25936902,38.19281129,30.60583908,59.97901459,67.82109919,-1074.595814
48.18651875,40.85005106,36.23970384,90.90971505,99.20543493,-1626.721267
59.69987726,90.10507581,51.93558912,41.79686542,41.86492254,-384.7547711
18.14802061,38.29260027,16.50427247,57.08531899,80.62089792,-1480.73659
8.009059075,7.995364907,97.88009538,82.2202567,38.45855887,-67.97869744
41.12860485,95.94086606,85.50284332,65.28396257,0.381654032,618.3317711
42.64389069,63.54122983,85.03286278,38.438093,58.66273059,-513.6341301
72.47161742,80.90397661,29.2974032,24.01157653,25.74453479,-173.2979977
45.3199913,16.88147408,69.69115734,19.50041988,13.24509279,342.0147454
77.8761402,50.81884212,91.6464036,50.07805278,62.28722832,-421.4101626
21.73727959,73.04625017,15.97877714,34.66596336,0.297355397,98.06992062
40.68528309,91.9856579,45.94030346,45.53062091,98.33987566,-1615.145197
29.39024841,15.6441639,79.59000746,48.69729014,77.73517732,-925.046913
48.63928324,70.23072038,42.29619324,94.48116949,61.30399097,-854.3193374
85.21024703,97.62774004,39.4409742,48.59785016,60.95187414,-784.9476624
4.453802205,65.66492712,45.99213465,71.37186734,50.52722609,-740.9030998
69.22631452,35.90493982,15.44820262,33.11075535,99.27510895,-1705.590757
53.32000023,57.65997805,84.6417367,54.59963239,92.61047302,-1157.417281
99.82587116,77.05285866,33.41088303,72.9240801,94.58530197,-1435.405103
28.82940499,62.78222802,16.15947905,70.7904667,11.01644295,-83.50651872
27.76398041,92.51575386,23.96988052,72.35370853,10.30589476,-47.55254426
52.77087682,97.12957024,73.94305093,86.29171009,94.83750175,-1317.965618
92.97847041,95.61509119,64.48476169,84.70267208,8.20122703,470.6891112
26.97985184,5.669874528,11.53656669,84.67779589,1.080899457,134.4076587
38.64856302,52.2189403,57.78847492,50.03702495,98.3751108,-1499.256143
16.41119375,13.29544757,77.02466093,96.13158048,10.83566998,358.3973607
85.06433728,51.14767473,31.91438198,16.16990382,80.7853552,-1188.261093
14.65256335,16.94685438,44.26807543,97.529868,84.43044476,-1351.721531
46.24974741,94.26077293,78.36024718,59.74313793,50.93319736,-425.6537477
43.19049627,0.278839798,67.70991016,92.87589168,74.75128919,-891.7637637
30.26823191,59.9224394,58.90570785,9.41805605,88.72183525,-1331.214494
45.56332999,74.7980155,72.34112481,18.31101768,57.16471751,-575.014502
32.37555517,49.28538743,35.43845801,91.86722101,44.1512546,-587.1146078
46.70688144,18.79320823,99.90693311,93.38101214,32.33954647,173.8850384
92.47264353,93.72122237,4.862789332,50.13253394,40.72713306,-596.8064276
93.31569562,44.54288359,3.821593764,55.39013059,11.00876656,41.98002833
12.52868374,93.49475586,35.39836609,97.19040356,62.70497135,-1062.219569
97.61576203,38.11735359,36.4029515,54.87620154,22.79604995,53.62959407
15.48379292,97.12281511,87.55366719,25.14461845,37.68369695,-191.4697051
49.49707532,55.41429355,93.33999151,90.16731229,63.22269022,-517.9969315
76.46146653,21.83597226,94.59590097,8.446294285,27.43488247,321.0220848
10.84674472,21.945645,91.33539439,96.66657967,19.01076798,269.7269904
58.09853836,98.11264842,69.97060605,71.99280748,99.72223235,-1428.467438
62.33271719,8.706494465,29.72586124,23.80854526,35.90162968,-331.6599079
62.22105271,79.11991399,96.08511045,11.53738147,49.36471224,-207.1552275
76.19635168,34.16546182,53.57510355,76.26329811,82.08854879,-1072.321658
86.81253828,21.51581093,20.12447486,73.36599911,13.30774381,113.6382517
55.24167675,49.41482599,97.66065233,24.9251995,65.33910735,-506.8473764
30.64256221,26.91092327,83.84643788,45.34068776,46.56722728,-279.4027171
88.05262022,10.3554235,73.83525281,69.01291575,61.41411606,-457.6331145
96.72594894,89.27794609,60.36080136,1.676352826,87.69093749,-1130.39324
17.75178909,46.85133969,69.78088111,51.59155189,50.98574944,-524.8447934
40.83574194,63.72566619,66.35263849,48.50743576,92.50895645,-1326.9291
32.83661819,28.83319057,65.72664734,30.99846105,89.05892309,-1251.415266
11.48907939,22.09217234,39.77759844,53.09547735,28.06003077,-270.3823604
77.11694084,0.564593146,46.61617263,49.03808134,60.99567046,-662.8139715
35.89193756,28.49672268,92.11473039,62.15975847,51.91202089,-314.258215
89.70164535,21.32222732,46.84119653,47.96112261,54.18602142,-508.0493439
63.31717325,57.79563675,7.267163383,62.28896082,42.29279754,-662.8299241
25.91489695,31.40196978,0.71160669,53.56106288,38.20482222,-712.7724764
92.43493781,65.6222003,28.37960624,28.46445987,0.698174908,396.3763587
55.67789143,1.976019104,2.692788977,16.43336014,74.77207544,-1311.534331
71.86512929,34.26537823,24.0554875,32.4755312,21.06321868,-71.54595143
33.8968305,85.40308266,9.302769059,57.64972089,94.65610764,-1811.71536
96.95076604,92.45377139,89.36077527,54.4586117,32.12264841,181.4709853
77.03786896,94.25083696,3.066131805,28.19630528,67.18877688,-1185.449845
5.264885122,25.71996775,16.51697309,39.13290402,29.47381138,-483.7827283
3.851557266,86.56066632,58.74372105,90.56900756,37.58261392,-415.4522255
1.805453365,84.06204483,79.37764725,42.28423305,53.2636861,-588.275876
39.69869134,94.63661853,12.45771882,87.46454979,14.00367103,-168.4099334
57.44432912,94.09341116,22.67547371,23.14818553,25.76327259,-278.2975596
5.564565814,79.3306059,19.52145996,10.29645238,66.03556463,-1246.697981
62.96731292,10.53177161,31.23030165,62.13228563,74.15389069,-1086.095535
16.61256523,46.5514993,83.81014109,41.13423109,20.87808318,172.3955203
0.74516393,41.5059046,38.29855338,13.1032045,33.73624355,-445.9054102
24.25699116,68.39723929,82.21041981,28.34796259,87.3267465,-1166.688257
12.89098763,57.58930592,29.60005775,38.92723175,61.14210841,-1034.558107
13.34459497,32.71865816,85.49481389,26.22760847,76.3108708,-920.4385919
76.4025784,88.68171229,76.4753933,49.36017297,14.65607236,382.7323288
14.55604834,61.63714125,61.71991955,74.49895165,1.946886724,375.1327061
68.48664691,91.08250563,53.50521459,47.45310522,67.27457132,-856.5774892
85.74376024,72.92830488,41.27800178,19.35234688,89.1793202,-1310.337416
80.87036492,0.060298547,22.15643233,58.49224868,39.2113959,-386.5820954
73.87265338,75.43922019,41.3693554,3.476839255,21.33988883,8.96645117
81.31749618,43.42332122,77.42512182,11.38683674,46.1842549,-181.180078
39.11658459,95.59324691,71.04351207,42.59256003,67.9420707,-839.7803226
72.78949967,94.12180702,45.48062286,13.38607683,76.0641556,-1078.67206
49.27661028,33.18497962,72.54279999,70.77957733,24.98371228,122.7702055
25.50722696,16.14991049,43.08258494,3.502395984,57.88466188,-795.7433725
89.09223997,7.68758873,72.71537534,27.84389517,82.97318293,-890.8669001
23.88167819,88.82271707,90.37224656,96.89580153,41.52490274,-215.0700113
34.81448603,37.56888349,93.93977595,79.79053961,28.47666953,154.9196156
88.04816309,81.15405837,52.2447351,13.47294903,22.21591712,104.3852341
70.67496584,76.86339575,30.73035397,55.4723523,13.46074569,81.05906576
47.33832248,59.7643056,37.67982355,31.70482828,84.15031229,-1336.996819
95.89452951,35.06443779,84.39920335,30.85349169,64.69479351,-450.4822961
31.31088878,23.99680315,71.45596532,25.18856973,96.93391523,-1368.550684
48.25211763,23.50780866,72.15921879,53.98647488,50.94843656,-392.6056555
19.66762105,97.9973005,93.53615928,41.61654402,58.38418322,-551.9249869
84.34767198,99.63938459,56.22622504,30.70717928,23.70929477,72.8013113
50.92700546,55.63674953,64.27010026,34.18565824,26.03372698,26.36042903
20.85641015,56.82538714,47.03454596,20.24366329,40.58154362,-476.6452073
79.27400354,56.77101758,27.75406123,7.950855637,98.04284609,-1585.5275
21.56634257,81.03526721,26.71881071,61.89622616,8.092221544,8.851004605
29.40837023,82.59570384,37.56101845,88.16102422,75.83314204,-1248.106305
77.3145691,69.29116393,46.58492749,58.19663626,71.31339406,-937.5208454
16.88486492,4.496668171,17.88548783,88.99323952,5.327506671,64.80620802
22.13746522,40.62160105,91.64334412,46.6757196,88.58850158,-1104.475828
23.25918834,99.99971855,47.68171388,3.564832009,91.25506349,-1521.551426
92.29703397,37.08135984,74.55706071,57.68366425,44.24894719,-123.2697767
9.090527064,9.665894537,82.69049436,89.00263602,20.82001645,180.0388182
2.024257043,15.63896133,5.543657368,60.97466896,15.35803085,-277.9212056
5.202330371,70.29622983,88.81968463,48.7852874,13.4561179,297.9261957
54.93314508,29.14672809,31.50653815,54.79979514,5.612618815,243.9460979
69.47312334,83.66789308,6.553385754,19.06503598,72.47145629,-1278.803948
5.458440695,10.77570118,24.22516295,31.59501401,25.42227405,-333.2697196
17.0533827,43.57202345,65.74143338,63.62587868,41.57641076,-363.7500569
86.70665003,82.26838943,95.8589827,73.08506485,59.08510735,-332.8377074
55.1304202,90.04172879,46.88715748,61.21795948,61.46320988,-825.7045636
49.5593486,95.12849682,48.9474169,95.06040247,84.6757254,-1297.333041
5.976663373,40.6785357,49.0386004,83.27594334,22.76673489,-134.8130407
7.528275004,14.6080188,21.53862949,15.91279388,90.48853053,-1651.023398
25.74384339,96.58681175,63.94815727,93.55283569,56.95442586,-710.8066979
17.01082871,59.71768485,31.13690599,6.971521673,55.14092182,-893.5452931
74.19424589,44.76229601,87.03016558,96.61049589,74.40152497,-700.9988987
46.59291099,55.68378931,27.90959733,1.576676906,95.35929337,-1627.723742
58.65550912,85.26942297,81.13383414,76.38319389,82.5723044,-992.8121447
80.26543411,61.64194631,46.44004548,41.42006339,28.3770466,-63.30625766
8.173142481,88.7716844,58.077288,74.7096891,39.38056057,-445.3224523
9.296410896,33.12976505,75.31796275,20.37883164,28.36427401,-45.30027324
3.57655764,67.86674859,42.26223211,27.65743491,56.85048769,-898.3112047
99.82269347,36.40643643,28.65853206,74.01711153,91.60059073,-1368.340446
70.47174533,57.04153751,40.06546496,27.05404463,96.51741345,-1495.516316
6.349999546,15.55464652,92.93484716,76.58005241,64.92541004,-644.4689185
9.867885933,97.3016727,67.44618411,73.63920816,36.21848807,-319.9444875
11.34070074,84.41731169,3.823438873,17.00403261,27.9362341,-582.3558193
62.47670845,7.930281924,64.9630444,20.02824668,47.79260606,-321.6109671
73.38873908,58.2127438,41.53197305,8.850796343,1.566633489,421.344615
11.7187432,88.9470863,19.44113617,80.93832489,1.954474545,43.20760557
28.15581708,39.08144528,21.22824428,8.551216991,63.14455307,-1068.907346
46.77700746,43.72271078,78.76092948,95.21675105,13.12386568,385.4575044
56.10560935,78.97028559,84.08195774,64.01230126,34.84966561,-19.07306547
36.93568875,16.41423576,35.10478033,25.0082785,11.2692504,114.7412848
74.70599228,39.59479604,35.13417241,9.801557675,75.2249012,-1074.035636
13.29394197,42.67328398,79.87772419,27.54181164,64.93326079,-742.3126045
23.63305394,73.63359633,77.22975443,22.56550124,86.298209,-1188.090333
79.49656634,95.71842456,0.758374161,1.671962288,16.30596391,-178.0393845
22.75091055,86.81385237,71.73176483,47.62328754,90.79956342,-1332.430035
18.31073304,24.07034911,82.89047198,59.5851547,64.7683467,-684.2717801
89.94906237,20.49301323,95.86979432,99.99309211,63.85886599,-356.7345857
82.55579043,97.08015594,37.89916126,42.46700222,23.92301127,-62.5788812
50.32487492,71.67849947,23.32331954,55.26762003,34.45689772,-446.5785923
96.354923,33.56729517,30.48152472,18.04813153,49.52772488,-521.6863508
93.71494661,70.80477693,22.17449638,63.85315855,52.07234967,-675.8854559
89.7077209,42.20085889,0.262418125,80.86190099,81.26495253,-1396.53982
6.751556144,66.05128623,7.889410932,87.67246465,71.55410161,-1421.652773
71.91014958,69.81841556,65.53098156,42.1040345,99.31955983,-1381.762293
65.77143157,68.15671242,95.48893344,18.45214981,1.546463598,766.6508444
14.22216278,35.87926958,69.02917459,20.15938221,46.52830215,-440.5746021
19.87007996,78.75955596,76.32832045,32.91199395,44.90379972,-382.9270673
57.92414997,18.57001804,77.34661854,64.63652144,46.54213041,-234.2138466
17.32813263,56.89300438,32.2753935,34.94569412,85.8820663,-1496.622178
36.86085102,6.687862478,84.07360892,49.2123667,47.82453192,-264.0806854
50.6295687,95.31848072,6.652690278,9.440663991,79.8397285,-1493.655513
86.33666492,33.15036414,41.07989006,97.15093878,18.69425392,139.5337825
6.661965523,79.0233902,60.47267593,53.28307401,55.10419615,-737.8126851
99.6712485,2.75368241,40.36386981,42.37871624,40.9264717,-239.7222823
9.641946997,17.78967456,24.31721885,90.74925728,15.69751923,-132.5936863
58.74749908,89.78529706,31.91363762,66.51615195,41.09914675,-512.1302715
70.66596253,99.67908929,37.65360403,38.18318643,61.63278233,-856.7616201
96.12431371,91.64504595,67.11955071,95.29173266,50.68857133,-347.2066764
78.52869844,57.62886805,97.51956676,79.55470944,17.20404807,516.5132331
41.12225128,10.46690554,94.31676761,39.44693931,19.82679416,376.5813383
87.22616963,66.01157933,3.772773347,66.17309199,38.44464962,-546.8166495
42.86491035,10.93746206,56.74142064,95.05161729,14.18319522,231.1833091
4.281072968,69.45394767,2.49543972,81.59070907,53.47947127,-1108.732076
90.68222767,97.35922426,71.17125992,26.80131692,48.1536742,-290.1872058
65.83552947,75.67289103,13.17065616,88.74291496,11.20341019,-10.03991323
4.500609777,75.57397191,8.771410305,13.21431336,63.69030523,-1274.478375
14.45045876,75.5755017,82.71400593,80.07779866,90.92904551,-1271.806994
18.01418709,12.25783856,60.90665167,13.92108746,1.553857699,437.0541304
71.78187456,93.28878875,6.134520715,18.07719226,43.5657382,-706.316284
21.76783354,56.37709173,0.037271335,66.61291951,98.03639113,-1951.540514
77.1518514,34.42094955,97.43394798,0.766928328,65.38411716,-428.6101027
32.66845489,64.07996064,72.9568388,6.66655445,88.28853836,-1221.147492
2.301800714,93.96284162,38.12968784,25.58327356,33.24965774,-485.1427794
67.26581943,58.49664924,16.39566303,17.37961416,64.72493704,-1036.428291
87.25398545,49.26339701,28.15400696,20.4456712,27.20820808,-134.5875535
45.36951626,11.40589718,80.19093409,36.03389015,38.17396925,-77.44019486
96.71083257,62.01989895,67.77313363,76.46691536,86.47793346,-1027.034135
88.39745978,79.41407021,21.60118678,6.12027276,96.80546702,-1599.122724
97.55647704,83.84474873,39.98236482,94.878548,55.28483151,-616.9953941
50.85116151,8.728151449,1.986803694,41.82532409,85.57753871,-1553.817815
87.06239389,91.47714558,18.7045385,37.40284966,41.72396528,-533.8375
27.2442969,85.04557618,2.767884396,11.63884194,73.87984302,-1461.534355
11.28463061,25.88309191,0.419224784,37.73367569,44.53215657,-879.7377579
59.31161742,5.122538779,64.52237303,23.76953482,45.99978013,-295.5266779
32.23050026,85.5298898,78.61885586,23.0594503,1.142061121,538.6523796
51.13801787,80.6612743,98.51138467,43.09335083,30.05602236,161.2120247
36.70572211,31.15856261,72.09832778,99.41360289,30.29073981,-22.16789807
86.83568865,60.96309083,11.41079909,19.56388615,10.45927959,70.23397702
45.35145604,93.606839,90.30505873,12.24613329,50.49041175,-335.2252947
76.00370489,2.075750072,97.30299579,84.64419193,87.34926762,-839.9290173
50.78894349,92.94722626,24.66800068,78.48315593,91.80194976,-1603.943386
23.93688942,86.64941493,88.8466644,38.60847786,74.37694224,-880.4509407
38.9391732,55.65443327,67.60089031,1.214641122,85.12258776,-1168.082437
71.91445607,30.539554,57.21420947,52.40627542,59.54646635,-605.2260465
67.6839842,80.75779215,77.52417374,26.77059805,53.06626359,-396.3618951
54.35924311,84.52624048,54.6718868,38.28277958,22.09440972,19.36650213
93.27230303,14.7776835,99.79110951,62.90256763,52.1194499,-78.81200588
43.88612482,9.588962492,86.77886431,89.27119002,62.10588434,-512.5962247
7.723088016,10.22726499,29.69927024,24.63127766,86.93845794,-1517.932268
0.718231878,25.20615316,87.86254141,14.93486624,31.50027077,-38.01908297
9.170820108,86.39667197,93.25754704,96.60490957,89.94117683,-1204.904919
12.30254267,47.63459745,22.10084878,44.64623378,98.50757872,-1826.172602
88.09936991,43.15629517,79.23004049,61.76363334,25.19051145,271.9418689
20.80695371,29.67738293,11.64237555,70.74834847,7.17661605,-29.29221394
3.434412283,42.11789303,23.62207669,42.3663008,19.41812546,-254.8226285
48.69191581,4.811069611,76.81944702,32.02709167,86.43519058,-1049.703005
61.79588544,68.09372415,98.04134714,90.23362394,33.51036552,133.3760517
97.61427722,24.07008908,71.0374429,26.87695808,95.58291332,-1145.623424
60.86863266,70.78732639,2.399552712,17.58428337,18.96658118,-250.716183
1.669362464,25.62953533,33.73832395,75.11696494,56.45578491,-913.5688785
45.50647715,35.43128938,94.66908355,39.24647367,68.15437225,-599.315718
66.41176065,76.28289625,41.88439751,33.53066977,25.96329341,-103.1227
51.19747282,47.51130312,45.56315934,51.52425572,8.920146484,246.620301
70.79169749,98.5157975,19.52009307,51.19500665,10.69158062,36.66833404
24.57987337,48.1553797,14.6657274,56.45129356,77.82757368,-1428.307141
19.28293355,46.69876425,19.89372873,17.38212333,77.95895508,-1408.772964
59.40261342,40.55827027,6.515992925,21.21081251,56.75584607,-951.855401
58.47074464,42.42630533,31.01258732,72.9592025,21.18430897,-73.6121396
41.92324231,81.94386648,64.1240878,66.52075764,97.81425101,-1463.590545
54.55756138,8.501614396,55.0446025,71.51668796,79.6886597,-1053.289907
68.95874088,48.182929,51.14975627,76.35413037,96.61492473,-1415.556907
83.52350081,37.67641881,88.54650485,45.34690644,59.34052307,-354.0908438
98.12439863,88.9271069,82.79243627,78.33478755,51.35078227,-242.0225024
76.02164868,87.06838462,34.91574752,44.25279263,77.9452746,-1173.498698
12.41494917,64.46355795,60.41755026,11.84038785,0.585845942,383.9872225
42.80120709,42.4179107,37.45731208,30.99019303,52.29365858,-697.6862764
30.73424415,98.20107346,22.09611657,80.64230792,52.91128896,-909.5513042
91.00970826,71.62880923,84.73687905,25.81056801,92.75667515,-1060.575034
13.47988786,81.77758844,13.49097714,79.96618587,52.26809365,-992.262958
69.02769466,62.07630824,13.48472899,92.18273047,2.88121607,181.7755573
15.71708112,27.84922746,52.12242149,72.76492365,71.86262605,-1053.093555
92.15055572,80.34105587,49.16784131,94.32497455,87.3062374,-1205.839248
21.61513104,8.583405174,94.14855475,87.20386901,71.08939635,-706.4860558
67.31407277,4.68738187,81.79414432,63.72030651,4.319314756,683.4275515
46.37372472,20.10686292,62.62739539,36.01347585,12.66203817,304.1653155
71.67969473,1.719931577,46.45176951,71.37124667,53.5057076,-531.6326129
17.93268286,66.34888252,85.97988492,62.42350671,64.78412613,-706.3741621
61.97769092,18.50983476,79.46689352,65.5005289,6.326795932,597.155574
23.79440206,37.93156674,75.64611265,3.117807047,46.67348889,-370.4953497
15.46278226,67.39212415,6.113621502,86.85415398,81.54317357,-1609.071898
93.00793575,95.55774208,85.82820301,18.9281118,61.16931028,-439.1227193
77.64001222,41.14686808,27.86246355,26.60693048,88.46376905,-1382.464968
64.54459363,11.46753302,64.72688284,57.58728266,10.42255718,426.8032843
8.107883106,94.81440898,63.75247649,47.06536063,58.86412965,-801.5060171
41.50022559,83.44101194,10.73613633,79.95607408,71.47739096,-1313.3352
51.82833838,79.91078477,19.04608608,76.60635082,23.39226645,-258.948496
91.9633739,75.78621757,66.04451835,32.43380521,54.08035448,-419.191557
82.82487728,33.35950359,84.56543013,87.49906097,48.22394114,-157.4056837
90.3746448,76.02897376,10.71437588,87.20893492,70.74356973,-1144.775803
51.71686558,58.08629738,0.829686108,99.5435907,92.63661556,-1749.860209
26.34744098,81.68071067,40.06474004,2.746433138,53.2847505,-787.8802175
18.73632222,42.15431684,52.52954013,20.68050479,1.356618847,354.6290538
98.26539391,36.8302819,86.07071062,51.32099142,81.38374862,-767.2140982
11.40388802,21.05043195,16.2090094,30.77015525,2.712691258,72.37047275
41.07635361,58.79370865,5.2078741,9.288538663,25.49297227,-408.9689745
10.18748292,78.70127677,70.09769186,70.97261457,81.85210531,-1194.497091
59.74093695,84.2015666,11.31178712,25.38444825,42.68295427,-679.4553312
43.77930112,82.57296148,68.0222792,94.41387861,45.44415751,-383.9622539
40.4998918,58.63363931,38.00419489,91.03598393,86.82460367,-1407.596673
3.320339704,48.40488376,65.39130268,99.26522366,47.2205524,-525.115794
81.40244005,88.12734122,18.44175886,99.56277227,4.102494953,203.1223919
96.70596097,43.43537129,0.480659083,20.43752391,4.064601018,168.7551048
0.136708421,23.04788958,61.09185459,32.81736575,26.22486334,-119.4920491
30.17449432,90.97096169,5.837846737,88.7649374,7.965496078,-118.8924731
4.252241438,41.59079541,0.210455642,98.36298049,19.64886054,-420.3380924
81.54738906,16.23814107,75.45481587,83.62155869,44.54882787,-134.3888202
61.33474015,20.83169139,90.6224297,84.15766695,61.33081773,-429.0868177
10.40929297,7.420008913,37.02483823,62.69385033,12.99840725,23.01359259
49.51027255,35.54540952,9.948971871,25.00685801,34.19827942,-501.3373772
95.69859609,32.46403753,91.52288112,40.74567568,15.2257969,590.7759805
17.62552113,8.93557312,84.68780452,80.42182431,72.62315926,-815.7075633
89.42362587,45.26300227,43.0072187,73.20598657,35.79316676,-191.804929
73.67516015,74.11138475,52.08390457,2.597504998,33.88489772,-166.1965268
30.53008145,22.20750573,82.83001485,74.17993384,99.8045809,-1346.898775
54.1873638,56.72039139,74.89577286,1.204743037,31.67533851,-3.394660237
25.05379034,9.198624436,54.48125327,63.48954937,22.88095688,-10.28761804
9.616528476,97.26146184,20.13508115,34.62915894,96.10175874,-1849.501483
55.24195106,63.0324242,51.00526872,67.18274282,15.80994993,143.5313113
53.01034571,38.62585283,57.11674172,82.48889167,31.61698922,-112.1174081
44.74700364,70.14097585,37.65681767,72.80459815,67.7586657,-1027.475555
41.25932885,66.41616897,83.77443594,52.18309191,89.24925881,-1141.202307
19.79456868,68.22314686,40.26102429,4.951930953,57.0755994,-868.5242588
65.25499853,17.51221444,78.18099727,98.89621397,51.68919624,-308.2641627
57.6064593,10.26685574,17.70937343,82.96214042,57.2967872,-859.4176079
91.00325126,32.82510115,54.24074672,9.155437362,94.05466347,-1261.22339
74.00860106,37.26466144,33.24787927,6.169749295,27.3601872,-129.7074474
79.46715446,82.36536388,73.69864228,64.12736664,11.89481403,434.030315
87.41216274,9.816216282,25.19013959,73.83011827,5.218889824,324.3734526
33.19772927,81.07811749,77.7206518,41.87674243,18.88699124,184.8198081
26.05850807,51.77511996,55.0096857,83.37719103,28.68935035,-162.3188029
50.65578378,97.45592443,24.23756317,48.64042359,2.069613025,182.7821086
48.19451545,52.53760749,41.04878153,5.28495435,14.41242262,91.13895716
98.46994165,92.25847425,88.35414488,91.02704145,67.88126098,-535.9948548
95.7258826,1.219588585,82.62100023,69.27065679,66.56225705,-466.9400801
90.92628505,70.26380404,64.88828759,9.123996455,9.884581585,459.0414325
91.76281753,3.881634134,28.15834506,86.2871604,81.78861987,-1167.257164
32.80459837,25.70908002,23.44549642,15.73865633,48.62857284,-735.7482667
17.06598932,28.42955175,45.39001847,37.19907747,35.86920734,-376.8856013
91.95782642,62.99987956,70.0047348,86.30883402,37.87075007,-54.508258
66.31348873,45.81735712,51.8470309,49.08860864,57.39291331,-631.8059409
71.11795145,76.13054263,33.25134805,3.908633673,18.55634784,-1.144208803
11.9535207,5.116538335,29.12099282,13.36243291,99.31228933,-1751.654813
43.58418467,76.07101646,81.49910371,71.97284709,47.96739004,-334.1725372
53.89889778,47.88850653,98.63005107,27.03381932,24.70358119,310.1469205
48.1570019,15.77048422,38.57284305,95.88126479,79.60527844,-1193.395146
72.3250518,88.8652808,24.81780062,29.40251292,6.746173296,166.911013
21.36490854,32.2738027,58.36071641,30.36423999,22.76827671,-15.01959634
48.4960538,85.66924334,76.57512877,48.82877046,1.296030718,569.9242051
80.82058191,9.35871249,85.01408009,52.38164265,26.9590052,289.02149
9.394056951,91.81397243,48.15671693,8.652195435,97.8021292,-1682.577367
54.68060659,1.003939582,13.10805063,18.87141967,51.23688624,-769.9434902
43.44182792,1.021912236,2.515234233,84.17667533,46.67825332,-786.6548553
63.50521813,31.69617456,87.46886208,42.18055935,82.86550175,-886.2085206
46.40686355,35.29282039,52.60869374,40.53600005,19.60328372,80.122952
89.24259729,10.33463758,9.734631379,78.8234721,27.70490975,-228.562621
86.07095086,44.13918265,67.15153344,97.56306215,79.79439567,-911.7535093
54.68522635,32.86499824,70.88476491,22.53611807,95.77137978,-1288.04356
85.67715846,47.56084221,86.45667041,72.36676058,11.58881231,582.8910799
94.68548629,85.31646997,71.27003803,45.40771422,88.58560779,-1074.081901
76.59381802,88.04546602,85.29477486,20.19620309,86.11927422,-983.5860723
29.64320228,71.73321369,49.04775856,62.17026924,25.47122403,-148.8937776
16.1762105,76.84526075,9.346866186,84.21420943,4.810145826,-59.09148247
94.28097268,48.10253554,11.59443193,0.2373138,90.40664333,-1492.23146
79.09549236,34.12436809,47.81625368,36.40741573,12.40537264,289.768432
13.36783169,2.1586701,28.88561428,39.23330018,67.95318552,-1118.919586
58.30837404,18.31519736,26.16160806,43.57308946,92.32790912,-1506.817001
57.0486537,46.69856111,98.97469421,46.00255933,83.88976032,-860.5249469
48.55772054,93.99040385,35.77287774,0.231210481,10.36010314,94.89083908
2.575861706,97.78699841,43.5604292,0.956534651,78.00852178,-1345.306844
84.96540407,5.724267316,29.25792057,59.62037692,64.75652867,-841.1531845
6.729275089,12.51735602,49.64935233,13.6580555,20.13960871,-47.57623861
4.427190233,95.45443153,57.45029434,58.30142504,91.10197664,-1502.060333
71.82590847,8.69161798,98.71519143,10.71441686,46.34524749,-29.11250241
81.47034686,1.496507841,49.15823957,88.23144874,40.47641291,-222.5060484
33.93920768,96.81871992,8.033823151,89.33540153,38.44848578,-707.7340504
88.53992586,47.17936908,4.797551884,52.43739167,63.06382268,-1009.253182
82.9755744,11.55992331,18.32593435,31.443065,86.83592861,-1371.070232
57.23753147,77.88895455,18.15003228,20.72287667,8.089379689,59.08627203
91.93428214,46.86818208,59.86025858,90.09833635,44.61518052,-244.3471361
5.842747956,25.3183467,26.49813691,75.47774471,94.1468706,-1705.240556
65.05178997,65.48760727,94.4301122,76.89014078,60.54721341,-420.2657201
91.13653143,36.7792456,73.89076273,42.15950631,23.90291044,275.807479
38.7106455,99.5246003,32.32399349,58.99088649,38.61908645,-529.5064383
83.14191981,0.529674546,0.205894787,94.7840431,6.522078596,119.8957765
4.583350819,40.09229395,79.95455491,42.01001994,65.33648853,-773.3901277
81.29291936,31.54867427,14.83848998,3.409863727,92.67426437,-1537.285774
2.202178048,95.33250878,25.8320315,21.6687359,84.40334821,-1595.968718
20.10438694,31.93960114,54.10140703,53.10144133,83.4587577,-1262.091745
39.05611688,90.76790217,99.8518337,79.34283864,16.90396542,387.2839759
28.37706422,46.19382641,5.230412557,77.46925127,4.980157931,-24.05290445
35.02087593,97.42802033,45.14313227,85.79556218,39.30970409,-462.5575485
94.8279365,37.76671254,1.895996207,47.44067558,48.39252477,-707.8614249
29.86876382,82.41851965,98.41573714,3.22509267,36.11531947,-26.20845762
92.33182518,25.62165223,32.01095361,92.7539906,11.96594173,236.131664
30.40450499,64.42947597,5.785943571,18.64171679,30.63071432,-545.3286423
19.00696673,30.76858156,41.22988367,62.28712072,15.70193633,0.822777779
34.88030331,71.17268483,56.5585755,84.66512545,65.77699969,-886.1617402
95.87135321,63.22800009,65.52782399,11.92406928,0.330479291,676.4712417
84.61300603,83.96850696,74.25990285,69.16677324,91.56399149,-1141.589999
31.87477979,95.86853829,18.81393085,56.92641863,21.22839891,-293.1146611
77.93256153,55.4869218,4.3235685,39.16330523,30.93265706,-410.077399
84.87169357,16.26375574,31.07612971,26.91660416,96.25686695,-1469.253106
6.080425631,24.87120292,72.44484839,68.48971868,89.54438535,-1290.403694
22.90940215,81.1130379,40.64533425,5.074694503,46.9577189,-667.0218697
25.46883075,63.78786699,53.22919615,8.192647437,99.37550477,-1602.287097
18.02382179,16.51330769,54.65541593,81.44802559,89.4253486,-1368.360903
41.81667676,25.86184427,23.08583783,8.995895052,48.48527481,-708.5164454
18.18998056,52.10042435,57.80107268,96.11876567,54.09437834,-674.8105408
27.17131395,17.52238103,35.1916494,80.45835011,30.86005392,-306.8679719
95.70927387,64.35515121,42.36319566,62.37847697,4.425037605,430.814288
52.12986575,21.63479106,11.86993566,57.08769958,66.75473588,-1117.250362
47.35326168,98.56710956,81.23281296,62.5197261,32.17232223,-31.32407831
8.223885445,72.39797893,3.493168495,75.29331864,90.49711996,-1833.216542
5.785684671,19.95332875,97.25200307,74.21293464,55.49238248,-431.6799029
47.23658079,76.90859722,73.66483197,7.316787176,90.68501388,-1233.245309
27.36745126,63.34454163,78.28371627,36.05806484,23.88451144,89.0535972
39.35105224,14.97449972,98.22127038,26.23963366,7.798634293,634.6548638
7.42547817,87.59866801,53.82800484,63.20411823,28.63000032,-261.1262061
75.85271145,12.48889263,60.95546779,24.94196477,99.74044138,-1353.051311
23.49578006,84.52635059,35.53908973,85.55532253,92.45420865,-1614.349555
85.29440365,82.95747974,76.77450454,83.62073444,21.97996069,270.7480491
65.42604344,74.12745501,78.37699198,73.01340535,64.15208899,-612.2521606
5.89336157,93.59451707,68.57438041,53.53215839,31.45496779,-224.9931253
23.82845543,7.184120379,47.01411149,83.91299097,13.16279698,130.1440866
33.24525527,35.48867628,65.83048033,90.40747959,33.94297281,-153.7990044
14.86669366,88.23103416,42.37634116,70.25373249,48.3862799,-714.722163
46.1358366,76.82050802,3.139467688,39.88801882,43.25839956,-781.6047156
41.46223975,63.77165136,5.146862042,14.53174163,96.24156763,-1828.18825
59.84750545,16.98352631,21.478449,0.420157343,8.051731904,151.8734949
77.20953884,39.02633637,25.28455803,88.68091719,14.47384054,80.11737565
79.36104976,8.025003041,75.3442479,23.17081892,18.29226949,391.6224918
60.36579721,61.02328585,37.18994469,11.16733279,78.30170012,-1185.630284
76.882254,53.38762908,56.35958727,16.71658071,30.74810417,-43.18583953
1.155324761,53.29594507,8.25092972,14.43032089,17.61510476,-344.375558
74.47777496,27.84230314,29.23575247,44.86854599,65.94198554,-918.5984217
12.4113853,86.61599642,44.29911836,67.02930712,17.17476479,-82.7833078
97.24229058,80.8321982,43.76421379,41.79748737,3.150823426,454.2277016
10.9696431,34.67870249,86.03486235,51.84070524,91.89834669,-1237.49267
14.19183108,8.788158405,6.76631697,57.20230891,12.6813976,-172.4763984
23.20101356,10.4043054,30.36057856,59.76767637,30.17829691,-331.843153
75.98655645,96.9981639,11.19713458,65.22836289,6.592799108,77.48546536
23.01174501,41.05460825,52.2137785,1.494006485,87.15836932,-1349.69031
33.80658879,50.9817639,99.41408412,75.221111,32.15539687,103.228654
74.85843335,66.75189058,81.9878308,98.82546494,68.99237957,-648.1093664
5.257765504,67.48035799,9.755144484,77.12784156,90.36922738,-1790.805598
92.49621615,97.91969167,92.40554862,94.82584525,29.44796163,237.4485645
32.44990689,17.52899077,51.73500954,57.03519259,52.30293924,-604.0929882
58.0796277,77.77910076,56.84195756,82.70500989,19.68238347,100.7058158
84.7746244,34.68656808,51.74954159,52.05853069,92.64702205,-1271.056345
40.75601189,96.26209104,70.46028563,98.14884456,17.23762941,174.4753559
1.75076146,99.18437558,95.89424769,57.41649702,46.32525448,-349.1774469
35.25579998,64.39353896,41.23261984,47.8525107,12.99098867,70.18242644
11.61950748,36.0378821,46.34929093,8.758476974,89.45177631,-1465.769849
14.03970825,89.88993067,99.19385487,8.861594842,86.36719594,-1080.757741
75.99049069,31.32766672,14.035925,12.35778122,60.65590735,-918.2228666
44.92108176,53.86655735,82.30477123,60.55313488,66.89552215,-680.8803565
33.87183717,40.27085264,67.84409487,23.43805782,42.63797976,-316.5062723
14.88823174,98.56801112,61.88751114,77.13216276,92.85234943,-1477.737726
56.27019668,34.73221226,59.41475192,27.16909735,73.00262487,-910.0708562
18.0817311,49.72947069,11.71957667,64.29424802,94.68617158,-1807.170672
66.21653759,76.34712655,25.35924216,54.18556096,91.94740084,-1539.130835
39.80687119,37.66618205,59.15410128,66.73435456,56.26174828,-629.4018252
7.693287029,54.73812638,21.7525864,20.7965974,74.44352672,-1368.260695
12.53741248,55.39377813,3.586754468,14.92080281,22.83216595,-449.3175785
77.41367703,44.86331964,51.11886437,23.62245458,57.42260354,-603.2423087
34.36931976,56.92806982,66.9506319,44.08626283,47.21349813,-429.4356498
66.9136838,74.9435213,16.0918067,50.50342224,39.20053272,-545.5704774
28.38462267,3.07635621,24.07597756,23.23983114,30.60502049,-361.4910551
1.763425429,86.6508603,46.48785553,94.9162463,76.54041104,-1286.753816
73.19127929,85.53062147,8.587707498,36.78303605,59.61579475,-998.1587262
54.68613273,44.39028094,29.22668849,74.98997323,45.41197169,-583.9844971
85.30883584,13.05434151,68.48557623,3.482650776,26.51023187,192.0665623
6.05485672,11.96878226,95.60395169,84.89580026,23.14652663,212.4929172
6.876738717,91.14645506,73.03928188,88.92127696,12.6552707,187.6533202
19.50527721,45.35904174,92.39833034,2.36703115,64.77536393,-635.5621763
86.69311689,71.89259798,90.56269787,26.84296588,95.67592894,-1091.392941
65.89588112,14.32500427,25.50430147,15.60353873,9.240886456,177.0750202
2.51299635,1.219478445,43.37392925,71.41012758,26.08535978,-211.7701802
15.93903357,51.39701958,67.61673293,14.24401434,23.35081193,2.720973011
43.17918418,3.248403164,8.982850986,89.26477203,92.30593054,-1656.949505
20.7688761,22.64691829,80.81247617,45.37878788,57.03997045,-535.4523659
61.54149636,77.48001792,56.72426134,51.17029892,72.46125781,-945.0108556
15.26935238,71.57189794,81.88681988,45.21907926,70.82032001,-868.9625019
18.64825286,62.29604271,50.41120029,35.7467874,10.38019276,138.9232627
97.8601849,33.30309184,63.13043821,41.36798563,91.280594,-1123.42135
91.25128664,59.53166589,48.3688601,97.42577866,87.83459871,-1203.887759
18.07949626,84.90088402,94.12860795,68.57350233,7.512181235,477.9942357
25.87261229,69.43264495,18.42360806,43.54379311,37.27386307,-608.3268131
83.20968007,5.667782108,32.79677805,97.99714583,9.296561104,287.6074824
66.00274083,2.408408295,68.98449164,72.06857419,28.33921373,111.7069812
30.18361707,72.6943889,74.79839094,69.03868429,15.3977026,233.4911469
80.63357435,33.70753979,57.46158917,25.87199463,5.839684059,493.6306263
92.23254231,45.91417925,33.79573514,16.62444132,39.23370384,-317.3204831
25.55941757,38.4830253,95.30112508,62.54109129,61.38078757,-522.3126485
18.90709805,39.69681183,66.8045487,23.03530071,14.38896323,196.8770586
7.870768649,19.79772876,40.38392239,67.78171821,78.79957646,-1289.489495
92.98646583,45.73654044,72.50004258,15.25066188,0.778179377,725.1595676
62.95516735,37.05053674,36.19627581,88.27079742,16.53220645,74.54476711
26.16645873,43.5362184,93.85798776,78.41836693,49.31568858,-294.3446994
7.6757328,47.08294225,53.23528204,4.828299404,9.071092046,167.1693895
26.01217263,24.95392429,2.900853961,98.2522323,28.88150282,-504.241485
30.15772805,30.33773895,43.93432084,12.13377666,21.37051845,-59.734678
29.54061383,72.65043783,9.267638299,91.61843059,20.6726874,-332.6088762
33.62573597,13.02857124,70.06674267,90.3110408,62.81620421,-678.0082488
45.60771289,92.34890493,55.8962966,95.32855309,86.81540094,-1300.559709
2.350534587,19.60388462,93.21808364,51.47799606,6.052067297,518.9329587
51.49466754,87.64849474,55.92876852,39.67344527,74.03354918,-1022.334096
56.30170171,17.47173366,98.31613434,70.19552543,70.75570967,-575.4678815
52.12644288,66.07166046,51.51136966,17.54188788,73.03101931,-1009.73313
83.08156091,67.14028969,78.58117809,71.17591319,94.36070512,-1155.041463
42.69728124,32.28667855,89.9626068,43.89394642,94.20402443,-1158.537076
29.46288114,64.78554312,33.14407695,39.10172831,90.89847422,-1562.357845
84.13546578,94.18747616,42.39617008,57.36102261,83.90882532,-1223.184395
60.12595388,65.44096906,26.39955453,6.252984915,94.37801119,-1587.82645
63.06867603,99.08948599,78.61138699,27.02207859,66.24892659,-684.5822807
42.12019885,33.22564051,79.10240256,86.78810602,24.75611194,151.7295352
58.12723961,72.07056902,61.89539553,32.24857728,33.60249702,-136.4710219
88.3402676,79.20869308,49.09196477,41.34774015,8.389153265,361.6727978
81.44976218,29.37020245,8.735671753,81.6148201,19.5575767,-115.0227476
31.60971584,54.50347601,39.03484512,80.70088265,17.16270889,-29.68459036
10.90019802,25.90797014,33.59736548,47.87362623,55.615002,-870.3258578
97.26851985,61.46918043,44.38373125,12.02478053,8.924328731,362.5359233
50.83747101,87.66863934,38.39776044,87.0330201,66.65247769,-999.4214571
45.01278363,64.42980227,35.77593912,92.73771979,91.6200604,-1511.361086
74.7331991,33.63937274,18.6812925,97.85118471,56.32410691,-805.1528662
45.28218604,71.73440836,79.66863115,72.34722662,31.54883475,-9.184127157
38.10028882,27.34909287,36.94972607,27.02917334,21.84106264,-91.22139675
4.245013231,89.62312173,6.80355809,80.20170928,45.08843648,-931.0319049
45.98396216,46.10826781,66.91701066,75.01271024,30.34340176,-46.60534184
87.68723322,66.83260397,6.182764312,24.28897926,64.70940918,-1054.679738
97.91410741,30.37636124,3.913310108,50.49264995,77.15684862,-1252.377841
49.64466106,0.077878217,44.98495689,69.67024159,16.79815172,127.7877689
77.03385071,2.794952579,18.31431978,19.22106751,32.34024126,-290.2979872
84.6587108,29.95201424,38.77752923,2.123551694,35.25011794,-209.5355361
33.72659223,76.23853808,77.70370489,58.64611243,37.19938256,-175.1204783
36.17390435,86.337583,7.181003542,44.22992557,86.63389475,-1660.22674
18.55808323,56.29579441,2.190672901,0.897572282,29.90777167,-583.4422679
85.74995012,30.74771856,57.40556143,45.62750001,67.05677022,-712.7943426
40.10124025,85.62707569,69.54868608,74.2338447,19.46423932,132.2326612
98.2822569,57.21294343,38.80420798,88.42716286,59.9969078,-690.6748728
2.10139411,10.30575577,37.83204154,98.50551849,96.51950101,-1669.567303
34.69551928,18.40284553,19.13381258,94.07436497,64.7721893,-1075.823386
22.9428934,63.10082682,22.54833376,89.86319412,71.52490509,-1266.931912
9.581648501,47.6252351,6.850458745,46.41475782,31.70887772,-605.1046328
74.97547516,14.32112952,99.18801549,9.493933677,50.12439757,-97.56654693
78.49939792,77.5864729,52.05619719,15.60012039,81.98230893,-1117.341077
44.99878586,22.68691895,29.64262811,68.21293187,51.9264017,-718.7201986
29.05020127,86.49024925,42.61084632,84.06700156,10.9546534,79.84321073
94.39626839,14.27807403,14.32990081,3.288282091,77.03635272,-1171.507018
45.70829824,19.38453646,78.70391594,79.87302247,86.43525229,-1060.037276
12.2278067,75.7223089,38.46467966,66.31168896,30.04614061,-370.7089434
8.369049588,47.17761967,55.36606708,61.78091102,13.15359712,102.4200563
57.5551919,58.15943105,81.63647982,67.42990176,62.412083,-562.2801566
87.09567231,35.49208933,5.09001644,3.711108861,11.50872176,31.25060744
9.534615173,20.68762951,90.67038581,2.808757021,20.01698403,242.2692361
85.31561309,36.41756333,11.02529655,41.09109486,17.55871043,-54.46785693
2.529070257,2.689528262,3.476639309,7.761538605,62.93054001,-1229.376642
74.75729747,27.23941694,82.48256942,80.34576645,10.11061173,572.1982267
85.76629696,56.58907535,12.99060447,87.20755267,9.526870408,101.1066387
20.9541754,66.30447194,70.0253572,98.98069129,12.61104563,234.514642
28.47762944,37.36349877,95.04919125,81.91963601,13.80254174,437.3628934
68.04868564,64.61917743,14.31509779,0.144600508,46.91030939,-698.4736238
93.69619092,10.2798199,8.88010523,53.16131802,95.34967127,-1574.023936
51.85969885,35.46589584,78.43453497,0.711240695,56.42704724,-459.3859993
11.21886744,81.52717917,45.51595265,27.33485703,57.40455144,-877.3499371
53.08904294,29.07732104,94.57607096,95.02346496,27.09188646,250.3845752
5.520334925,80.98426515,95.59421789,35.73997929,14.14193444,321.8975761
81.98653763,52.09797604,20.56273368,28.42200269,0.186784062,334.0650914
57.5157789,59.99694571,66.73250108,36.73921482,84.35645025,-1107.451106
9.02817675,34.7897004,30.98031847,22.40981275,65.32731384,-1097.389218
8.573228351,81.12962052,87.70027376,85.44579813,21.43085533,129.8748742
51.13181096,86.56014148,65.05142731,45.51553144,66.04903217,-798.7853607
39.05090499,66.39563099,12.72485964,38.14644887,76.8744245,-1397.657389
39.8500469,41.92958358,19.43443336,53.78319413,83.54860158,-1457.310441
25.27014403,98.12939898,58.31037674,74.6367985,5.779573484,270.2622006
53.80237488,19.14869927,27.46570951,38.96166226,19.94221931,-64.32599437
32.6627894,86.2345839,19.51878906,91.02906609,86.61662097,-1583.947112
96.04612603,46.97863928,81.50061681,23.55290165,83.56834382,-859.70282
61.45511096,2.937595631,14.96494455,92.6409975,38.24821211,-478.7818932
63.99185458,40.39833863,11.14512063,51.80456466,60.42949402,-978.9968109
28.39376829,81.49424838,98.58918625,53.53643848,63.79606051,-582.1098499
73.38365979,88.24267227,2.365444667,81.71322483,54.4368084,-940.2697482
94.3403766,85.34262756,36.56617849,78.93937328,25.92762362,-64.91072072
63.24356509,83.19229798,84.54453677,56.05825129,99.96567193,-1300.963284
0.859447401,27.8949365,17.0922831,35.68892075,37.31284255,-651.9274635
10.96012745,21.29539202,54.60046582,9.335816004,90.66660558,-1419.543861
74.18306894,76.03659969,40.59741343,54.24183095,61.79082252,-805.1219492
12.55621756,74.34510048,55.81386573,7.706573315,47.78810051,-601.7413978
92.51367849,80.6920557,42.7152832,71.98584327,17.01033586,155.649245
10.4189816,76.94406993,17.93448391,96.9700978,64.28882495,-1205.922237
38.88181876,1.724970861,6.123400459,42.85823117,35.10907081,-544.3971275
83.47683508,21.19055235,19.2126695,94.79929277,97.12244208,-1578.720202
66.23958763,64.48699043,43.6303197,69.04114874,47.35338005,-507.4235906
43.59973167,81.45221689,11.60360683,15.79460642,4.469882191,41.17458213
15.07273072,60.79494608,2.504411549,80.32293538,12.54194923,-248.8848577
98.09348382,15.95893578,54.8128505,1.657223456,8.812161718,485.7682348
68.09571645,93.37293887,20.42513402,42.72973678,83.61180202,-1418.345892
95.46877965,64.07119385,29.3223648,13.98089641,19.67966927,33.99831324
91.85071119,32.66959492,31.53892508,72.95763563,29.95973388,-135.5396634
76.12406309,27.55933787,95.08738554,74.51229242,41.21776247,42.06930086
71.84907168,58.59003142,39.22665435,16.76786417,2.629616147,378.9514412
32.03806229,90.26959111,12.27671318,81.03148093,66.52197515,-1238.657915
34.70948063,3.046094523,79.60659942,34.90851673,58.0570102,-502.8116606
50.60986471,69.0099128,10.82000716,64.36696151,89.62175553,-1633.875379
76.11063116,83.86167889,45.05078956,10.55784941,21.66148805,26.59598044
79.9556278,0.926747286,87.07855585,68.38000329,21.52300203,418.0299866
73.11918053,11.52701657,3.276143189,11.25117303,30.88272585,-386.8909897
3.567131038,41.27323031,18.98421608,71.93190551,87.87286317,-1655.139588
82.97360611,77.42855857,90.19032099,89.61944514,78.22477832,-761.6710598
26.52215189,11.02230949,90.11991152,57.10097507,55.5027521,-410.6715152
33.90522475,25.2073512,99.38313063,14.39420331,92.53645048,-1078.538772
29.93992661,68.63831781,57.70709972,72.92774993,34.70777149,-269.0242697
62.86953921,38.44280294,55.8503303,27.90649745,51.71485308,-493.1789348
74.8149137,24.9845815,59.97600628,97.27121133,6.353953619,492.2131312
0.752054777,65.30641526,51.93495009,85.35677614,21.58876602,-131.2809207
57.71292681,7.486053862,55.6938096,2.008433115,38.58041591,-216.0989245
65.00703088,42.69978995,77.84258072,78.78187176,56.8154452,-439.0895363
48.97121209,55.4745364,55.55421184,71.64036657,10.28761324,274.566318
26.50846083,88.94476111,95.43218552,29.95568332,88.76881661,-1116.770412
72.68604619,95.16513768,34.50086442,71.15181013,69.76393171,-1030.879582
56.34151494,93.94931557,13.87292742,52.95875586,2.526164536,121.6624305
40.34967685,96.33419971,44.03237514,91.6262786,96.66053477,-1600.269239
97.81829131,77.14503661,56.97585631,94.38251903,99.18834315,-1368.626031
59.3263794,17.71954801,43.84596864,35.3923196,12.69299194,213.3215318
60.06544144,61.45699312,24.42042961,46.58459191,89.41584097,-1498.634481
36.13481747,61.14903094,57.49149725,60.535961,41.02452796,-370.7946569
3.307915289,66.41933126,61.15607017,16.87046848,14.2901687,85.79353171
55.00969512,92.15272258,49.41906181,86.95570997,86.54397112,-1312.069627
38.94295605,47.94495619,45.50056046,57.72778659,74.49021318,-1102.416428
67.69537078,16.40022565,89.3017332,85.54398878,85.28229852,-893.8479512
63.36890896,33.88361285,83.69123549,32.23892887,94.06035444,-1139.145326
33.69804341,20.72811204,1.238363341,7.034850882,58.2455331,-1075.8761
42.00685977,75.11164082,76.3110031,42.61292316,13.18608403,321.3642795
51.50058081,14.98715462,26.20970413,68.75207771,88.70364117,-1451.090307
38.6495713,22.69331033,37.60247608,69.59122065,88.45850906,-1412.697445
84.32066389,46.69565727,90.51987918,21.68924034,57.81680997,-316.4307108
34.86193694,83.89337233,32.38724739,62.97347727,39.14388545,-535.4745389
92.8712574,73.49545819,20.56872501,81.6703324,76.06229828,-1172.146576
14.77726046,89.61067235,40.21665643,61.6369563,19.80912916,-159.9448791
90.84045738,56.6148411,71.63714031,8.317963945,26.09513082,195.4638969
37.22531418,93.70846184,72.7257242,57.13878121,51.49407384,-502.8339267
39.39042663,43.6899201,68.29417463,3.595603775,58.30563427,-613.5721031
18.54393119,64.59069633,12.10733198,47.58782752,57.68297109,-1077.867001
22.49489579,7.193018341,14.35992076,70.32855439,67.74402104,-1194.069306
97.30718538,73.12716052,74.23750385,86.17337434,49.89787123,-259.500502
64.33774903,84.29497169,51.28393376,38.78938941,53.31759579,-598.6461041
62.1445449,35.64830584,47.0948202,35.22090869,28.60987453,-91.7484203
11.5965087,41.95763504,80.5683866,85.06601247,65.70170696,-757.2235419
22.14658859,35.1756839,78.1924899,82.5676024,14.76186785,283.3741542
18.5086946,38.18095316,25.33193213,1.608231452,81.30148422,-1431.361029
20.60442865,99.25456006,55.72557271,84.09869139,51.14897022,-670.3416695
73.59751873,55.18692593,63.35420327,89.98289492,38.20435566,-155.0020601
39.01053178,92.29256874,70.75688638,24.24522909,13.83711085,243.2950143
57.71508014,45.4855035,59.0838888,15.70556188,48.49946378,-428.742317
53.65336651,45.17178872,20.98609423,75.17818308,85.71661829,-1451.641395
46.19396267,35.7677577,77.6396414,1.951455625,10.85061976,429.279225
75.74436616,93.29070581,37.29000068,12.74619439,41.77078481,-440.4432987
76.21670502,84.83365862,55.97318993,60.34340965,23.7646966,60.33485398
72.6557724,99.25903033,9.3019843,16.19261356,41.62093583,-648.5965397
86.04477271,14.50453748,31.79536331,96.97043679,30.87218086,-151.2462934
12.62669849,97.04269981,93.87771335,96.17227439,10.96350584,378.7112722
93.3020958,0.541018103,9.464191071,98.88817932,26.71573422,-188.7000777
54.06330306,24.25335008,60.30766647,53.79556979,5.463427501,450.8216744
63.80228163,40.32052862,37.33559062,67.01714147,86.32148324,-1313.994214
39.2726338,67.65578608,32.04089379,22.81697545,86.41694489,-1453.890526
79.3012926,43.62933932,84.60075804,24.15075939,11.68993956,552.6810536
83.45828758,1.859663189,99.77977751,10.2895434,76.19222662,-576.8708904
37.47113973,25.80565916,62.86438844,43.99207671,6.852975744,389.5989643
93.70792518,61.01876454,60.2902463,73.78191704,43.91843552,-236.2319753
48.20714092,77.91364523,98.50365743,59.05223786,24.90868647,258.0596501
57.76541918,26.93532561,32.74725816,46.10154987,73.88211729,-1102.050607
57.92257744,88.97437131,70.03033189,79.6586612,56.39598088,-552.9139334
75.17790199,31.67476831,98.9217806,17.12174425,77.34446623,-660.5779228
42.68402423,17.69106646,13.06854965,45.40580686,13.83440556,-74.84725751
78.27024003,89.71760893,16.86700523,33.71117234,75.76453976,-1252.128647
97.71316148,13.35966414,73.26621306,76.26378873,64.26842446,-492.7251775
54.37747114,94.93500599,86.73122197,10.36481013,25.70163512,161.2832589
55.80321114,33.61522975,43.12492023,14.22580087,97.47799271,-1513.891009
87.42910902,37.62164487,93.84563484,82.95727289,68.30868817,-484.5886374
47.42249159,40.60831328,82.73672414,87.30077651,35.73346905,-33.85315052
6.147917846,36.35797799,24.64113451,65.28707492,6.206690778,30.43990159
90.4449377,33.7060735,0.029037182,66.13152132,28.5422559,-333.0131182
75.67396854,12.8904154,47.51124099,44.51503931,25.11862641,44.33764885
49.11446987,79.05728996,97.1286079,42.2939358,50.0977509,-253.7686431
43.67744796,39.28052653,73.86068193,93.76882023,79.03009309,-971.8252709
66.81999322,95.8133278,98.08113777,66.34990972,57.23905668,-353.5665174
89.96752923,12.31153966,37.24860098,1.208261033,23.62753505,45.78055396
54.87124993,20.52420812,89.30526276,75.67374504,71.00968334,-650.9672858
59.04532465,7.380228907,8.368061646,91.48097858,89.61248722,-1563.917568
6.93306286,21.47531529,86.21918044,41.45238077,22.61872137,150.483709
80.27705525,41.60459128,62.83996222,19.30635255,13.97548456,359.5966189
28.38396366,68.45642116,82.66268347,55.583134,82.81441228,-1060.953991
75.98117611,75.7484877,35.07802664,16.96498472,24.56492756,-93.55732413
53.26830414,69.53639675,51.09397105,53.12110843,47.86183121,-509.3103113
22.58061027,55.13987963,27.06481468,6.573384501,14.43977981,-86.73994236
92.45837145,21.1626785,38.48747237,22.88723767,22.53323366,74.96006925
41.31831062,94.09362945,91.29583056,16.49966579,8.767191391,493.5882885
3.648793503,77.57611742,38.20982405,46.54525814,69.31611952,-1185.483359
96.62029645,77.89684857,89.21885526,48.29964319,8.679378425,662.9084591
28.5401738,58.50342312,51.4266037,64.76137117,68.0104398,-973.1054719
62.69185533,57.03677177,88.69760496,95.03632803,21.83720457,315.1779374
45.22408523,50.11071311,28.16715761,80.53865545,10.85204622,65.69072138
17.86081012,63.53140349,89.88907019,84.30231086,79.07303155,-962.1861128
34.26682767,30.37627682,65.68446668,28.71697557,7.491137465,382.3927236
89.84843507,75.63458599,19.86493881,65.15629088,54.37218126,-754.4783343
55.39178695,24.85707168,61.45550724,37.99513289,1.324285317,545.0211335
16.12702011,26.48579158,19.98009047,70.58952724,87.05145903,-1579.273279
51.74904107,2.995747353,84.6872277,78.37923448,78.66975572,-828.3331447
43.00250145,25.10467545,39.30726478,10.99875005,97.00879378,-1561.122193
46.08350371,98.61477583,49.2541794,43.64736037,43.7234201,-490.0534109
72.13187832,59.606414,66.04795174,0.173592077,88.83920117,-1157.65914
91.37250453,94.72480924,19.8406623,75.76443591,30.0066715,-281.8560895
16.7305192,94.78326036,7.816069285,47.9588277,27.78621603,-545.6035383
41.88351681,9.683776135,61.7948327,82.48040292,53.73895938,-526.2485844
63.05354548,39.10620934,85.39798093,22.89464213,49.75610248,-247.2817561
40.29698992,20.07719565,6.357763105,60.66850675,7.282242222,-0.326728583
6.638761494,46.55742785,1.293956781,0.873554972,53.92689828,-1096.121411
99.19657885,96.64693393,37.33520822,60.24967224,58.94370182,-716.5847762
12.34553148,69.08216335,81.02737677,48.66372424,76.79787549,-1000.811441
57.4979306,3.946418213,27.08401327,52.3715435,26.62513607,-174.3672549
56.8028501,82.85103443,34.63589767,18.81665094,70.31294773,-1076.250155
94.44585965,89.03950168,27.15505163,2.913143492,60.43282406,-824.2730424
96.13988496,75.85467691,82.93605091,36.96342268,5.868633882,675.7446567
76.66889659,82.04812478,1.871010917,31.79903805,16.51536814,-169.2517213
8.990612479,24.23654536,88.58972331,3.751459003,32.49328665,-27.00237777
28.10274176,84.43993892,12.80788044,3.361317347,15.50380311,-220.5526128
7.04576394,3.177165061,90.83519584,32.42659118,26.40576856,125.6911264
68.12609082,66.88562675,89.53856199,12.59573862,62.6191872,-488.1211644
48.29984874,16.52223637,57.95729491,19.4772863,25.23217218,29.43493059
30.12242196,88.05554438,13.80067276,73.77468133,74.8825079,-1398.733727
10.10592728,2.331022807,6.449312343,14.53520386,52.40965776,-975.0612098
62.34530151,17.12827446,69.42346622,47.56520267,43.94014035,-222.9309133
20.47320677,40.30918532,43.28353747,98.95246129,78.14167124,-1238.738228
58.26532299,36.03580743,9.001256593,30.54583238,77.68947325,-1352.020507
82.70121823,1.67917788,99.56175907,29.59648964,95.85336619,-973.7105334
83.48147968,19.54917036,66.62925453,21.88251743,36.45216282,-31.74320605
4.976551219,59.97573676,71.87625697,3.02161411,38.19550837,-305.8224518
27.48953728,57.76710506,14.9593501,5.978500102,43.80620391,-746.7071207
57.80815335,35.93552196,84.29129078,97.29221242,58.73175379,-447.1071023
75.27608384,84.92907793,51.18033933,96.94374698,52.40148959,-548.8682429
5.475912425,48.00271678,27.97759243,79.93254362,21.3837455,-263.4067424
54.9105498,30.1768929,29.11434346,73.29637784,41.98071014,-501.259042
34.33794052,74.58538531,86.02290035,90.63664681,74.56001097,-860.6114808
58.23405873,70.40464022,6.98360439,61.79025265,54.05687448,-927.9547228
69.32922661,16.79040607,61.68896226,52.02132749,89.88587319,-1174.697454
42.88713106,66.34522185,63.6590604,93.08109409,44.98485297,-391.7674652
54.05821364,12.97064392,93.55572405,10.75616703,47.14626434,-138.8312216
2.329280284,31.08988169,19.81438533,5.851133159,81.60286533,-1517.45865
29.53806946,82.89866017,9.693235713,64.67516783,57.93705719,-1085.172946
44.15649013,28.37726533,56.96778995,7.6501804,69.36983543,-884.5299739
9.154300716,11.4732087,88.14875392,52.71240253,15.12889959,330.4529791
1.578081686,68.94353453,38.57730441,50.40071397,55.08849464,-895.9380514
93.44914056,9.19937581,26.60173754,96.42267171,20.47876899,47.78482889
87.70147279,19.95224399,38.76680856,30.47331968,62.8254033,-741.9882316
14.1744245,85.28475931,64.15488764,66.17832498,61.32046242,-820.0865208
23.23239364,45.5517204,43.68775689,10.48362272,3.481732506,260.3251086
58.52851937,19.31018425,88.76280884,46.97190677,79.54009686,-813.1869014
54.45126885,18.28011461,17.24890403,72.49552759,6.170590924,142.4042017
28.10742486,63.76918367,13.66948813,17.37328907,2.872324168,58.79302442
31.1083352,36.13655124,30.77655197,79.02604244,87.36372795,-1474.650241
83.48360132,69.68046061,91.40320104,59.56066325,60.48651365,-389.1375224
62.72387723,48.45681152,14.11408692,81.83227982,33.46654334,-430.8174383
4.377782118,77.37849689,19.83380682,63.41215011,0.032213155,73.94723414
94.42923095,9.337075394,67.93888752,99.01147821,40.68361576,-64.1494851
63.85796308,18.52974223,65.0648565,54.72232865,87.28960714,-1117.294
3.298805882,8.616277985,2.064713231,2.021054396,43.541409,-855.0950477
80.24032066,55.51192728,15.65320712,75.56122231,1.604135173,262.6987811
39.89082997,32.10601786,77.66608129,80.64278377,41.9025469,-206.8218969
34.46306758,17.8634491,66.61014546,73.43917797,28.39098742,-16.02297648
27.83102577,99.53425844,14.14998543,0.69644457,80.41397162,-1525.270715
67.857661,7.272729556,81.72664499,5.236723039,63.49739001,-501.5610319
0.927429216,63.17249363,15.80875095,16.57273978,38.82737348,-726.2764191
43.91418053,20.4867167,53.24837744,3.386978603,4.116769992,401.6590671
47.96019808,80.17371246,74.9491984,65.14298816,58.79504606,-587.5496506
26.07309447,65.61731396,58.41266277,73.16636167,11.89492213,183.5921662
33.10903342,62.00560848,31.24618028,68.1102701,7.681300265,102.4187484
94.63467663,24.81165441,50.42871356,99.90871156,74.45105773,-876.9277843
99.06985489,52.16129831,23.19497591,91.55640422,34.81220397,-288.8309818
5.742741832,55.74341006,91.13570775,23.21240501,16.7502517,264.4297358
89.45147843,30.34830011,1.608132798,56.21140187,88.17662038,-1514.269343
20.68275632,46.49609017,48.14799948,45.2294156,92.78226854,-1503.057196
72.87374598,42.30203841,2.079806187,96.66541082,89.83213308,-1605.764819
67.44366801,43.14938254,52.55298769,29.109453,2.24391027,482.1743299
68.2203648,38.96443326,14.17715028,88.20629116,84.63226748,-1427.708637
92.60816204,97.00247282,91.81895289,37.6005583,81.15689894,-799.5832953
96.70018376,0.487739763,16.61167996,23.6154305,47.51032043,-544.3118374
81.62282046,3.172066977,26.61287749,82.94545156,84.40534869,-1260.120437
4.946387823,67.79910526,76.61322456,73.44713256,49.46307733,-505.9289164
97.28576278,3.107209523,75.33257611,33.20532588,8.781251241,640.4530868
22.66944339,19.14684934,45.19117733,80.75601454,77.78744323,-1190.549143
33.85196535,28.21445781,15.08569611,34.09601981,39.92785507,-619.6157904
63.98737395,26.61257773,9.20512504,95.10249359,92.93152127,-1628.845006
87.55489267,87.07466968,48.73243743,60.85814684,60.40786791,-691.4402878
9.100156979,48.2461333,92.92055443,33.05682733,67.96225071,-729.7467956
26.71003736,15.61560289,26.85153909,16.16716842,96.65891349,-1680.702987
43.26838155,77.45589515,45.0563026,36.31303328,84.22119444,-1316.680521
29.14222284,2.372685351,61.71453657,20.8909188,68.38491299,-850.6425207
74.32299122,12.60186745,11.0701552,96.94382759,30.4065453,-320.2727135
45.04068721,77.19045504,26.34857835,50.68092632,83.12042609,-1420.036867
25.31244132,43.27052191,6.713223638,54.78578551,0.258133497,74.49669758
99.15139771,33.17850851,84.77719226,18.4679219,73.06089642,-603.501898
32.87217192,6.812155553,35.55120382,26.90624348,46.18490898,-583.0353927
40.56709264,30.97513428,70.75994309,28.95733244,10.58319963,374.3817528
10.85076243,13.99233723,85.28936611,88.434497,21.90576452,177.4702225
87.94204617,64.18663472,18.77779319,75.61580914,53.47542344,-738.4244126
29.62083538,63.88147228,85.21187602,52.1281832,54.0949736,-460.435306
63.59058993,78.6755647,69.94926721,62.16467263,57.02477573,-538.754439
82.62324519,21.51106094,71.99872131,65.44671611,31.31710527,104.0076184
55.27001648,60.76668119,61.82768018,3.196270675,83.76098105,-1137.382492
60.5604289,7.580764321,90.55897178,23.38211911,17.17036745,464.6059759
36.64087951,4.935704383,31.10030576,19.03471967,21.74597634,-112.2304523
24.39931323,49.0501329,60.397972,55.12326591,50.8773185,-570.6127593
95.00171188,70.53990058,93.24689512,63.84991671,44.37475962,-20.30169149
43.9497684,87.34057527,32.89831748,77.78996406,97.6960829,-1679.124706
49.19372978,5.027443251,53.26154705,2.178384137,83.59379988,-1156.491422
1.397016532,76.07375285,55.52416175,95.14888872,82.08083538,-1324.830279
10.85828078,47.9777082,7.906887468,32.31982963,1.568719353,8.570959359
6.537060329,16.07352745,22.17627248,33.82770637,61.53908332,-1072.010106
16.6524477,34.57215042,76.82755888,76.00730141,39.16061015,-230.0340982
70.41168694,43.1056629,79.18952231,9.51253866,87.73655024,-1032.274951
77.01007219,12.77988591,86.97843192,71.93488233,87.17308067,-916.3622593
87.2560412,52.04105916,61.30773866,54.36165789,41.08636884,-182.8461417
95.62324653,45.59514666,54.26849307,21.43260383,29.94469167,22.26021109
68.53560984,76.64466367,81.36617807,82.34300366,4.943376294,599.6578865
41.3716701,50.10875827,68.81581913,26.10580417,90.3594916,-1251.472846
0.646494707,10.00956614,29.58140403,75.18512785,94.21883406,-1685.376935
50.50401983,45.20804889,78.19277761,78.51510094,16.28819279,327.8895981
18.00788289,62.987889,8.391989631,59.04928254,49.99970301,-950.2143732
89.9553373,52.96025815,86.33379499,23.80668696,91.63434636,-1011.444609
53.72309878,59.83990068,0.604746522,62.47615994,12.40098626,-142.457104
21.45683191,64.91239171,23.57127304,45.862145,88.21629555,-1599.868896
5.664159545,82.43754772,16.67239657,58.5952561,36.13178947,-671.3740825
10.65861042,0.069354505,64.48342291,85.60386236,18.69231378,109.4441616
82.57767,44.87039353,45.57070052,2.851994656,2.413645646,473.5846072
70.48583295,83.45863836,26.24180561,36.92217742,87.16919986,-1431.692497
37.0745162,89.71861624,80.44427139,60.35534694,93.96455244,-1294.676217
82.17070084,65.9734612,13.10369455,61.47617543,96.54168678,-1658.569232
6.066454687,50.97860374,28.54218512,14.76481944,52.68285,-886.6409438
37.03298601,44.56791716,84.18549406,83.9105498,1.029579622,635.2379069
49.97762247,13.1673028,15.22902358,67.67157495,53.08820793,-818.3954289
29.88994367,72.96335502,46.02900862,23.96613912,34.42073951,-349.5052538
61.51182424,35.01600778,56.26049309,53.88652009,19.65856456,150.1716253
2.271656057,24.74268929,39.34049272,50.88165745,34.43724155,-431.2891032
85.16937824,16.4771665,16.74515909,85.75654707,1.933335117,317.5803795
17.97885438,59.70509735,44.68998742,31.63430575,86.02518928,-1413.442408
91.94841912,15.55383559,41.60416205,20.21349009,25.54328009,40.65495434
90.55420645,21.42570678,27.74019845,82.14127732,15.63493098,131.7196822
0.604920705,88.76843192,34.06302911,82.05733683,51.4743008,-877.998482
10.42365616,65.0032742,34.14270112,47.67312893,73.25897988,-1259.912996
72.8586495,38.48886725,39.22867457,29.01914581,24.95537979,-44.4197926
15.23641213,27.47716378,31.16492728,79.5749639,85.66461241,-1476.905685
32.96697644,49.14796477,0.408592488,23.92110403,9.239216374,-132.1712155
76.13615696,94.24052789,8.917654762,35.00181739,48.97909595,-782.9903927
60.23484893,40.72768516,45.43173405,72.60407973,59.60195407,-734.0400815
54.33058149,51.70316555,1.563652525,75.65437551,69.08586061,-1259.483066
6.248132025,28.82608305,91.61006693,67.33696818,32.90670353,-26.94528903
47.55058312,50.91072195,86.67954596,96.47525697,90.63097785,-1114.121708
98.04934269,0.987813515,64.05089317,24.36954289,44.1130761,-140.7450553
75.02936987,71.31486988,90.24078141,57.83403869,77.72876965,-769.1166833
84.91791609,6.510844721,13.83639354,62.0582216,45.88344143,-572.5711703
7.188282813,52.47979822,31.05780005,44.11855724,85.1782626,-1517.075602
73.03717397,93.28718403,84.50664981,73.76960779,64.01137856,-562.8566846
39.41874328,18.8084861,32.6699113,59.31475551,54.98645485,-771.5919742
24.90890995,78.40654393,7.164463657,49.52322361,3.449015842,-22.5088853
76.94641843,73.83022901,3.509619419,52.51065604,18.0809745,-180.0431279
15.80884843,94.71573927,44.81567169,75.9174422,16.23530957,-58.28568346
53.27474238,36.90379636,22.39906616,60.41032363,75.32452144,-1226.776535
51.31457313,23.48133258,82.16401868,48.24332114,35.10590467,3.492424085
24.57676306,13.91550095,91.54132433,92.70845316,18.70670976,326.4698633
1.2327207,53.37285361,56.61094296,17.04913966,82.01820335,-1293.762158
96.20231937,53.0007267,69.61786166,23.04440722,5.084129389,621.2486753
1.966588935,49.43034237,33.03346721,3.372500517,61.48437529,-1041.983811
94.02859126,15.91014429,81.88939807,6.396153417,73.69180687,-634.4347213
68.73229042,33.98267381,90.30354058,27.54820018,56.02447703,-316.1505591
5.256242459,31.00278466,88.64097393,22.75318337,96.15211272,-1317.789494
72.75690704,58.51408259,50.37484113,19.78997039,8.785818009,336.6641662
97.87461829,9.981151259,83.59073055,52.76022727,28.10106862,306.756445
41.13795001,41.4611247,5.956806796,58.24280434,2.449858834,74.65319622
75.84245083,40.35314959,89.97895282,37.13916134,51.96391869,-222.2515012
45.16515577,75.95220365,79.98607018,10.41135692,61.82532526,-617.0607503
29.95958889,64.33948935,44.80335665,93.54552659,63.3970541,-928.7783081
71.90973512,26.1513001,22.36520303,27.5743935,66.6745684,-987.3570415
86.84541121,31.12641123,70.30092525,87.19339229,1.29433215,695.6296561
34.63142813,59.8449866,7.163947321,89.38478907,18.54361499,-276.6753707
51.42472324,65.3003025,60.67864519,76.06627103,6.23329912,389.0584012
42.35131357,70.32701907,29.99759033,43.15609844,3.641441435,193.8812253
73.92636025,96.6924872,84.61651778,70.19687459,83.74952205,-957.5882231
88.80394743,64.95957338,13.71626216,69.42808147,42.01416984,-542.8172927
73.73815343,64.45337108,37.34465088,43.80569803,83.92806394,-1260.387633
8.406756828,20.3612159,96.33542066,39.91603509,99.20311928,-1304.855386
40.30772814,95.46818309,11.37651275,6.167786136,16.86081736,-232.1257567
64.26035866,84.74398517,49.53329062,58.88840773,19.19207235,70.92867812
60.58048359,55.09145788,57.80527507,69.85875013,36.99062387,-208.525559
67.51548984,47.72198221,71.8537485,90.39997447,61.93825024,-580.964278
64.85424327,47.38410953,74.71879834,79.05768887,97.58471708,-1281.484133
75.02878542,55.7798194,72.16992301,65.32050993,61.45924827,-554.6889675
81.44144739,70.81518168,1.153712424,42.1438982,25.52767756,-328.9684038
33.45730298,63.67310525,26.00078301,39.48404596,93.28273627,-1646.950441
58.86470679,78.6877386,89.36863656,29.70787824,68.66439006,-649.8009636
93.60242229,0.729499416,78.83346695,24.0776629,69.21212368,-552.3304374
49.80236932,4.720807803,34.04966231,88.05142123,43.96677456,-496.3015549
89.78708954,95.77601769,71.09253562,23.92191503,74.96496772,-828.0663541
57.78393958,32.92521339,69.66692365,51.92268842,43.36169085,-239.138746
5.508716774,17.14994555,2.705097704,66.14114219,4.036418769,-62.41648669
81.78883213,91.50573482,5.174988138,6.344698617,24.13776115,-292.6695445
89.03870118,49.74216318,77.32869245,35.08637624,45.2168568,-145.6623484
28.13769569,30.01473628,51.45941503,28.36981234,0.321087569,408.1925046
29.44234777,31.37258534,58.31791464,24.90675485,58.43518855,-703.5239106
4.774460479,39.52592082,92.59154151,77.03436346,41.06322498,-198.3262484
41.20180977,88.07734343,13.70054023,37.28883232,4.484527373,41.74132006
93.83633324,82.42544137,32.66206,20.8978301,79.56007088,-1163.483439
75.33690911,26.74553348,31.63319192,69.74336944,99.37773651,-1566.857193
38.06558954,39.70422326,60.42722985,31.32470567,88.13172857,-1265.151417
46.03932548,90.71725068,28.88148656,49.65263571,48.68952436,-724.2193554
60.75046427,63.26795571,55.61012151,98.0074768,72.50700711,-941.8858544
10.25229998,11.54034861,58.24851367,30.00035839,1.885319843,389.2497501
49.05106151,60.43134804,40.56506636,38.79298829,90.74242653,-1444.17123
74.8810934,21.23546852,75.3858763,10.92109497,38.16691947,-32.22944375
77.56182334,25.9105906,0.915066911,35.08013168,70.05305337,-1187.88072
90.00337756,87.0581044,83.04948064,21.12731528,91.98712124,-1075.444032
66.41954485,45.47126132,84.64044103,5.711116077,35.05931636,45.08413327
7.931611733,59.13493866,96.09966963,54.34131561,94.75012813,-1257.644979
28.33164893,32.29223929,17.95298678,92.51734138,27.46341075,-370.8946
71.09024497,31.36347696,24.64143834,7.766339285,60.68915897,-859.3858532
66.84268424,86.26901707,47.96903617,23.8565096,52.27595935,-595.4768981
46.04243402,43.24221729,79.06064514,32.84756865,77.82317572,-908.1539137
60.48258476,3.651941251,5.384131738,7.828611853,60.35194891,-991.554243
2.259298044,56.63006388,40.591219,73.40655842,50.01702266,-766.05409
52.20880445,82.09950823,47.87841207,85.21293912,50.59976517,-602.3195137
85.04405824,14.16944482,61.70394331,64.60718126,77.86531616,-884.4159901
52.9199433,63.64492786,70.93284215,16.56888427,96.23864932,-1333.128189
63.0254343,52.80349013,68.42096347,6.261443519,39.1512069,-167.8045809
64.41267479,60.36686497,77.77007461,68.30348167,69.45903866,-711.9190914
65.9307541,41.32364126,73.11276448,48.56853699,58.41870179,-500.1160634
72.85962757,3.802200053,99.61423273,26.35312551,13.41581691,643.7599736
10.44425859,58.77211476,40.71976626,72.47712248,92.21083988,-1586.617773
30.19838812,87.12189873,46.96996814,42.00590133,10.88393034,114.5844358
28.32869753,79.32043421,50.57274948,46.83219793,91.31035073,-1466.53211
42.73188382,53.70294625,45.3919732,78.04231219,0.026087178,391.714774
86.45522398,69.65708708,6.791445719,94.57342988,77.42252016,-1311.201698
77.86210727,2.772558034,34.01816353,5.182616626,49.01924151,-511.4439218
28.00589858,56.98430135,79.39868175,55.99089679,13.83838723,306.0564219
80.16473341,92.00311118,25.25422121,89.7289933,85.77446371,-1390.218637
99.04484492,4.213232567,34.28567796,83.43828597,53.1179255,-529.4374621
1.88897133,94.86981019,4.892336732,74.86828227,48.54578771,-1025.872293
28.47537032,70.11302824,39.11629346,59.60801243,23.66816455,-184.2361541
0.554489325,67.90145127,92.42110545,28.0725031,94.44233953,-1308.137036
81.17753933,66.92128161,34.13629714,11.62605697,80.12708532,-1186.97629
29.86775952,21.86177781,93.00218894,21.20586348,77.68841077,-835.0113921
94.86175537,3.564295815,10.50679421,91.1301999,50.36380679,-652.707606
84.87570384,58.82890501,19.88426646,70.02206504,40.65037445,-478.0194173
37.8000411,56.30837277,66.53075143,27.954202,73.67835929,-950.7601752
76.05419627,5.832360481,24.14274247,83.64586061,66.24742517,-933.6190779
1.213489406,78.94082331,46.61367124,48.7644873,40.77384085,-564.4814734
82.30206922,94.92846589,74.93954643,28.84226033,90.43516251,-1132.148683
19.06965073,62.98110814,69.60345198,50.89885893,24.91221326,-16.7922574
23.37126853,6.030085664,17.3849231,28.0104147,15.74017261,-129.0252705
41.31326803,46.18151566,17.07340237,33.12350733,47.52332833,-753.1944617
63.05748807,12.73641445,20.54400248,68.62340296,98.63429321,-1652.441797
32.48426308,96.82236432,27.76802311,44.1703682,3.004005885,134.926469
75.0458468,56.55538358,22.71968894,67.30572529,0.833917388,310.9416316
43.50455051,5.327365179,34.57131094,38.06001982,74.36643202,-1120.143178
69.58384288,56.14802419,62.35014801,70.45690908,94.00771382,-1291.099736
3.168594093,64.49172173,84.41361906,39.86031612,8.496681093,365.9757721
17.22608611,66.83765229,97.05046049,71.92356236,45.02968612,-236.3998929
54.63027649,45.15507485,71.60687537,56.08163472,18.92258333,241.5322156
89.13279443,61.05288526,90.32889162,47.68702245,33.23636504,173.9204386
48.05699551,98.22475535,56.16861036,69.26042246,40.87815496,-378.4365955
78.56748697,11.21737347,97.61232778,90.31762083,46.24608904,-17.15039884
84.03020179,73.61797874,57.58453334,28.91601131,96.9159292,-1356.754224
80.53107019,62.70032271,13.50175182,45.06800144,75.07104051,-1228.01566
90.17701585,31.11726303,10.32116075,19.29094806,77.75405791,-1243.419248
53.895733,57.31332718,14.84854527,14.33179248,67.2959071,-1137.604453
52.75970603,18.93350584,86.00252841,98.35603725,25.28878142,235.5876828
62.7602618,7.871671098,25.43865857,41.27398751,5.506805551,248.3436132
98.71429578,7.450337436,75.13743596,38.72668872,17.13564873,471.9416271
88.26842554,5.989362623,90.3779889,43.014925,20.09040846,489.653667
42.91403373,71.93905998,24.23918183,6.733482914,82.57633219,-1425.04933
45.58897109,89.0847873,76.99512263,44.32120272,48.43906149,-382.1332454
66.20748508,1.282580729,32.14294632,7.877309711,31.8134641,-213.9287833
61.35414652,46.59084287,64.18362144,54.14860961,63.72574234,-687.7579001
17.14283493,32.33743129,4.472287645,90.18634009,11.01557756,-169.9144641
27.59239599,86.1362149,22.45294975,5.133600506,29.4347519,-434.8834167
12.57501546,97.97320616,34.67296355,22.15938406,30.86080786,-434.7535721
98.69914843,75.86198384,12.22331854,64.30399754,67.22211562,-1038.643621
32.21018561,17.26318194,40.92685686,69.35556829,37.33409782,-380.8265834
39.34173488,53.33842128,67.65764544,2.474270333,64.85933802,-758.896459
6.303396933,77.4061471,40.95543363,73.90241422,25.73312005,-286.470322
60.45434634,93.18468412,29.94460652,78.82717219,86.86682668,-1439.545933
33.83783457,69.57832135,30.74091338,74.63443967,97.44335521,-1701.745528
13.43209226,39.28333329,44.24687648,57.85458103,84.85738115,-1386.406544
89.63001967,28.36582363,76.42930235,90.76053426,48.6516234,-197.5031161
47.46896368,51.29560329,69.68094432,28.11293933,17.79274159,223.0230662
92.37986212,2.554543135,63.46845986,58.14410582,80.54564884,-892.0487145
87.84286646,13.56254875,34.27309691,67.59725386,96.94136723,-1448.949616
53.93666978,63.02206987,31.39563055,35.84901222,62.36315077,-928.7056621
16.44236007,72.35464289,98.37540336,78.61358805,78.7638959,-909.6776572
8.631235583,59.45772007,64.56314128,5.699555326,46.36921873,-509.006399
95.05794219,6.362133433,67.64822517,30.45222203,38.95088109,-26.66835251
26.01839112,56.59455429,19.2025647,97.62838462,52.79860193,-900.0934667
60.39675862,59.52743573,43.6197052,24.15837495,30.85735247,-190.1462728
15.90493949,22.75747624,52.1030201,17.71493751,29.62929143,-202.9073457
31.72723248,95.99385401,5.245113627,84.36964743,14.03857958,-244.8679529
1.753433451,56.06029758,28.03555177,10.93253349,82.61452983,-1506.841731
